month,pct,bnf_name,bnf_code,total_items,total_cost
2010-08-01,03J,Efavirenz_Tab 600mg,0503010D0AAADAD,1,184.32
2010-08-01,03J,Fondaparinux Sod_Inj 12.5mg/ml 0.6ml Pfs,0208010ABAAACAC,1,321.72
2010-08-01,03J,Lido HCl/Adren (Base)_Inj 1% 20ml Vl,1502010J0AAAYAY,12,62.85
2010-08-01,03J,Marcain_Plain Inj 0.5% 10ml Polyamp,1502010C0BBAJAD,6,66.86
2010-08-01,03J,Midazolam HCl_Inj 2mg/ml 5ml Amp,1501041T0AAABAB,3,12.37
2010-08-01,03J,Oxycodone HCl_Inj 10mg/ml 2ml Amp,0407020ADAAAMAM,1,5.92
2010-08-01,03J,Oxycodone HCl_Inj 50mg/ml 1ml Amp,0407020ADAAANAN,1,64.54
2010-08-01,03J,Xylocaine + Adren_Inj 1% 20ml Vl,1502010J0BBAXAY,17,16.38
2010-09-01,03J,Gentamicin Sulf_Inj 40mg/ml 2ml Vl,0501040H0AAAMAM,1,76.0
2010-09-01,03J,Lido HCl/Adren (Base)_Inj 1% 20ml Vl,1502010J0AAAYAY,48,185.82
2010-09-01,03J,Marcain_Plain Inj 0.5% 10ml Polyamp,1502010C0BBAJAD,6,66.86
2010-09-01,03J,Midazolam HCl_Inj 2mg/ml 5ml Amp,1501041T0AAABAB,1,7.81
2010-09-01,03J,Oxycodone HCl_Inj 10mg/ml 1ml Amp,0407020ADAAALAL,2,14.79
2010-09-01,03J,Oxycodone HCl_Inj 50mg/ml 1ml Amp,0407020ADAAANAN,4,258.15
2010-09-01,03J,Xylocaine + Adren_Inj 1% 20ml Vl,1502010J0BBAXAY,29,39.18
2010-10-01,03J,Arixtra_Inj 7.5mg/0.6ml Pfs,0208010ABBBACAC,1,107.24
2010-10-01,03J,Gentamicin Sulf_Inj 40mg/ml 2ml Vl,0501040H0AAAMAM,1,69.66
2010-10-01,03J,Lido HCl/Adren (Base)_Inj 1% 20ml Vl,1502010J0AAAYAY,26,163.04
2010-10-01,03J,Marcain_Plain Inj 0.5% 10ml Polyamp,1502010C0BBAJAD,7,77.99
2010-10-01,03J,Midazolam HCl_Inj 2mg/ml 5ml Amp,1501041T0AAABAB,3,19.54
2010-10-01,03J,Oxycodone HCl_Inj 10mg/ml 1ml Amp,0407020ADAAALAL,2,29.5
2010-10-01,03J,Oxycodone HCl_Inj 50mg/ml 1ml Amp,0407020ADAAANAN,6,451.64
2010-10-01,03J,Xylocaine + Adren_Inj 1% 20ml Vl,1502010J0BBAXAY,19,23.66
2010-11-01,03J,Fondaparinux Sod_Inj 12.5mg/ml 0.6ml Pfs,0208010ABAAACAC,1,321.82
2010-11-01,03J,Lido HCl/Adren (Base)_Inj 1% 20ml Vl,1502010J0AAAYAY,20,174.04
2010-11-01,03J,Marcain_Plain Inj 0.5% 10ml Polyamp,1502010C0BBAJAD,4,44.62
2010-11-01,03J,Midazolam HCl_Inj 2mg/ml 5ml Amp,1501041T0AAABAB,3,15.67
2010-11-01,03J,Oxycodone HCl_Inj 10mg/ml 1ml Amp,0407020ADAAALAL,1,14.76
2010-11-01,03J,Oxycodone HCl_Inj 50mg/ml 1ml Amp,0407020ADAAANAN,4,322.75
2010-11-01,03J,Xylocaine + Adren_Inj 1% 20ml Vl,1502010J0BBAXAY,19,54.67999999999999
2010-12-01,03J,Amoxicillin Sod_Inj 500mg Vl,0501013C0AAADAD,1,10.63
2010-12-01,03J,Fondaparinux Sod_Inj 12.5mg/ml 0.6ml Pfs,0208010ABAAACAC,2,407.84
2010-12-01,03J,Lido HCl/Adren (Base)_Inj 1% 20ml Vl,1502010J0AAAYAY,11,10.92
2010-12-01,03J,Marcain_Plain Inj 0.5% 10ml Polyamp,1502010C0BBAJAD,5,55.76
2010-12-01,03J,Midazolam HCl_Inj 2mg/ml 5ml Amp,1501041T0AAABAB,3,29.66
2010-12-01,03J,Oxycodone HCl_Inj 10mg/ml 1ml Amp,0407020ADAAALAL,5,81.19999999999997
2010-12-01,03J,Oxycodone HCl_Inj 50mg/ml 1ml Amp,0407020ADAAANAN,2,258.28
2010-12-01,03J,Xylocaine + Adren_Inj 1% 20ml Vl,1502010J0BBAXAY,25,51.97000000000001
2011-01-01,03J,Fondaparinux Sod_Inj 12.5mg/ml 0.6ml Pfs,0208010ABAAACAC,3,729.5
2011-01-01,03J,Lido HCl/Adren (Base)_Inj 1% 20ml Vl,1502010J0AAAYAY,19,21.87
2011-01-01,03J,Marcain_Plain Inj 0.5% 10ml Polyamp,1502010C0BBAJAD,8,89.18
2011-01-01,03J,Midazolam HCl_Inj 2mg/ml 5ml Amp,1501041T0AAABAB,1,7.81
2011-01-01,03J,Oxycodone HCl_Inj 10mg/ml 1ml Amp,0407020ADAAALAL,1,7.4
2011-01-01,03J,Xylocaine + Adren_Inj 1% 20ml Vl,1502010J0BBAXAY,17,41.02
2011-02-01,03J,Fondaparinux Sod_Inj 12.5mg/ml 0.6ml Pfs,0208010ABAAACAC,2,343.72
2011-02-01,03J,Ketorolac Trometamol_Inj 30mg/ml 1ml Amp,1501042E0AAAAAA,1,9.91
2011-02-01,03J,Lido HCl/Adren (Base)_Inj 1% 20ml Vl,1502010J0AAAYAY,35,70.24
2011-02-01,03J,Marcain_Plain Inj 0.5% 10ml Polyamp,1502010C0BBAJAD,2,22.32
2011-02-01,03J,Midazolam HCl_Inj 2mg/ml 5ml Amp,1501041T0AAABAB,1,7.82
2011-02-01,03J,Oxycodone HCl_Inj 10mg/ml 1ml Amp,0407020ADAAALAL,4,44.38
2011-02-01,03J,Oxycodone HCl_Inj 10mg/ml 2ml Amp,0407020ADAAAMAM,2,59.05
2011-02-01,03J,Oxycodone HCl_Inj 50mg/ml 1ml Amp,0407020ADAAANAN,1,64.63
2011-02-01,03J,Xylocaine + Adren_Inj 1% 20ml Vl,1502010J0BBAXAY,26,73.9
2011-03-01,03J,Ertapenem Sod_I/V Inf 1g Vl (Dry),0501022B0AAAAAA,1,29.2
2011-03-01,03J,Fondaparinux Sod_Inj 12.5mg/ml 0.6ml Pfs,0208010ABAAACAC,2,622.9200000000002
2011-03-01,03J,Lido HCl/Adren (Base)_Inj 1% 20ml Vl,1502010J0AAAYAY,29,41.06
2011-03-01,03J,Marcain_Plain Inj 0.5% 10ml Polyamp,1502010C0BBAJAD,9,90.4
2011-03-01,03J,Oxycodone HCl_Inj 10mg/ml 1ml Amp,0407020ADAAALAL,7,150.63
2011-03-01,03J,Oxycodone HCl_Inj 10mg/ml 2ml Amp,0407020ADAAAMAM,1,14.78
2011-03-01,03J,Oxycodone HCl_Inj 50mg/ml 1ml Amp,0407020ADAAANAN,4,697.83
2011-03-01,03J,Xylocaine + Adren_Inj 1% 20ml Vl,1502010J0BBAXAY,30,55.65
2011-04-01,03J,Fondaparinux Sod_Inj 12.5mg/ml 0.6ml Pfs,0208010ABAAACAC,2,622.23
2011-04-01,03J,Lido HCl/Adren (Base)_Inj 1% 20ml Vl,1502010J0AAAYAY,19,49.19000000000001
2011-04-01,03J,Marcain_Plain Inj 0.5% 10ml Polyamp,1502010C0BBAJAD,5,55.74
2011-04-01,03J,Midazolam HCl_Inj 2mg/ml 5ml Amp,1501041T0AAABAB,1,7.81
2011-04-01,03J,Oxycodone HCl_Inj 10mg/ml 1ml Amp,0407020ADAAALAL,2,29.52
2011-04-01,03J,Oxycodone HCl_Inj 50mg/ml 1ml Amp,0407020ADAAANAN,1,387.21
2011-04-01,03J,Xylocaine + Adren_Inj 1% 20ml Vl,1502010J0BBAXAY,28,46.48
2011-05-01,03J,Bupivac HCl_Inj 0.5% 50mg/10ml Amp,1502010C0AAADAD,1,0.85
2011-05-01,03J,Chlorphenamine Mal_Inj 10mg/ml 1ml Amp,0304010G0AAAAAA,1,1.82
2011-05-01,03J,Enbrel_Inj 50mg/ml Pfs,1001030D0BBACAC,1,659.19
2011-05-01,03J,Fondaparinux Sod_Inj 12.5mg/ml 0.6ml Pfs,0208010ABAAACAC,1,322.32
2011-05-01,03J,Lido HCl/Adren (Base)_Inj 1% 20ml Vl,1502010J0AAAYAY,16,14.61
2011-05-01,03J,Marcain_Plain Inj 0.5% 10ml Polyamp,1502010C0BBAJAD,5,55.85
2011-05-01,03J,Midazolam HCl_Inj 2mg/ml 5ml Amp,1501041T0AAABAB,1,7.82
2011-05-01,03J,Oxycodone HCl_Inj 10mg/ml 1ml Amp,0407020ADAAALAL,7,81.36000000000001
2011-05-01,03J,Xylocaine + Adren_Inj 1% 20ml Vl,1502010J0BBAXAY,20,29.22
2011-06-01,03J,Amoxicillin Sod_Inj 250mg Vl,0501013C0AAACAC,1,4.45
2011-06-01,03J,Fondaparinux Sod_Inj 12.5mg/ml 0.6ml Pfs,0208010ABAAACAC,1,322.13
2011-06-01,03J,Gentamicin Sulf_Inj 40mg/ml 2ml Vl,0501040H0AAAMAM,1,110.59
2011-06-01,03J,Lido HCl/Adren (Base)_Inj 1% 20ml Vl,1502010J0AAAYAY,28,25.53
2011-06-01,03J,Marcain_Plain Inj 0.5% 10ml Polyamp,1502010C0BBAJAD,4,44.63
2011-06-01,03J,Methotrexate_Inj 25mg/ml 20ml Vl,0801030P0AAAKAK,1,353.83
2011-06-01,03J,Midazolam HCl_Inj 2mg/ml 5ml Amp,1501041T0AAABAB,2,15.64
2011-06-01,03J,Oxycodone HCl_Inj 10mg/ml 1ml Amp,0407020ADAAALAL,8,85.75
2011-06-01,03J,Oxycodone HCl_Inj 10mg/ml 2ml Amp,0407020ADAAAMAM,1,59.0
2011-06-01,03J,Xylocaine + Adren_Inj 1% 20ml Vl,1502010J0BBAXAY,33,60.19
2011-07-01,03J,"Colistimeth Sod_Inj 1,000,000u Vl",0501070I0AAABAB,1,46.43
2011-07-01,03J,Lido HCl/Adren (Base)_Inj 1% 20ml Vl,1502010J0AAAYAY,38,89.02
2011-07-01,03J,Marcain_Plain Inj 0.5% 10ml Polyamp,1502010C0BBAJAD,21,224.22
2011-07-01,03J,Midazolam HCl_Inj 2mg/ml 5ml Amp,1501041T0AAABAB,5,38.36
2011-07-01,03J,Oxycodone HCl_Inj 10mg/ml 1ml Amp,0407020ADAAALAL,4,59.08
2011-07-01,03J,Oxycodone HCl_Inj 50mg/ml 1ml Amp,0407020ADAAANAN,1,129.18
2011-07-01,03J,Xylocaine + Adren_Inj 1% 20ml Vl,1502010J0BBAXAY,23,32.1
2011-08-01,03J,Amoxicillin Sod_Inj 250mg Vl,0501013C0AAACAC,1,4.45
2011-08-01,03J,Lido HCl/Adren (Base)_Inj 1% 20ml Vl,1502010J0AAAYAY,18,22.59
2011-08-01,03J,Marcain_Plain Inj 0.5% 10ml Polyamp,1502010C0BBAJAD,3,33.47
2011-08-01,03J,Midazolam HCl_Inj 2mg/ml 5ml Amp,1501041T0AAABAB,3,23.46
2011-08-01,03J,Oxycodone HCl_Inj 10mg/ml 1ml Amp,0407020ADAAALAL,4,59.09
2011-08-01,03J,Xylocaine + Adren_Inj 1% 20ml Vl,1502010J0BBAXAY,31,51.08000000000001
2011-09-01,03J,Gentamicin Sulf_Inj 40mg/ml 2ml Vl,0501040H0AAAMAM,2,181.64
2011-09-01,03J,Lido HCl/Adren (Base)_Inj 1% 20ml Vl,1502010J0AAAYAY,21,52.25
2011-09-01,03J,Marcain_Plain Inj 0.5% 10ml Polyamp,1502010C0BBAJAD,9,100.42
2011-09-01,03J,Midazolam HCl_Inj 2mg/ml 5ml Amp,1501041T0AAABAB,6,41.47
2011-09-01,03J,Xylocaine + Adren_Inj 1% 20ml Vl,1502010J0BBAXAY,41,97.36
2011-10-01,03J,Cefotaxime Sod_Inj 1g Vl,0501021D0AAABAB,1,5.61
2011-10-01,03J,Chlorphenamine Mal_Inj 10mg/ml 1ml Amp,0304010G0AAAAAA,1,4.32
2011-10-01,03J,Lido HCl/Adren (Base)_Inj 1% 20ml Vl,1502010J0AAAYAY,24,28.520000000000003
2011-10-01,03J,Marcain_Plain Inj 0.5% 10ml Polyamp,1502010C0BBAJAD,14,156.18
2011-10-01,03J,Oxycodone HCl_Inj 10mg/ml 1ml Amp,0407020ADAAALAL,2,22.17
2011-10-01,03J,Oxycodone HCl_Inj 50mg/ml 1ml Amp,0407020ADAAANAN,3,258.39
2011-10-01,03J,Xylocaine + Adren_Inj 1% 20ml Vl,1502010J0BBAXAY,29,49.87
2011-11-01,03J,Ketorolac Trometamol_Inj 30mg/ml 1ml Amp,1501042E0AAAAAA,3,69.25
2011-11-01,03J,Lido HCl/Adren (Base)_Inj 1% 20ml Vl,1502010J0AAAYAY,22,26.16
2011-11-01,03J,Marcain_Plain Inj 0.5% 10ml Polyamp,1502010C0BBAJAD,2,22.32
2011-11-01,03J,Midazolam HCl_Inj 2mg/ml 5ml Amp,1501041T0AAABAB,3,23.46
2011-11-01,03J,Oxycodone HCl_Inj 10mg/ml 1ml Amp,0407020ADAAALAL,4,48.79
2011-11-01,03J,Oxycodone HCl_Inj 10mg/ml 2ml Amp,0407020ADAAAMAM,3,147.54
2011-11-01,03J,Oxycodone HCl_Inj 50mg/ml 1ml Amp,0407020ADAAANAN,10,3139.81
2011-11-01,03J,Xylocaine + Adren_Inj 1% 20ml Vl,1502010J0BBAXAY,32,92.64
2011-12-01,03J,"Colistimeth Sod_Inj 1,000,000u Vl",0501070I0AAABAB,1,99.71
2011-12-01,03J,Ketorolac Trometamol_Inj 30mg/ml 1ml Amp,1501042E0AAAAAA,3,49.56
2011-12-01,03J,Lido HCl/Adren (Base)_Inj 1% 20ml Vl,1502010J0AAAYAY,50,65.45
2011-12-01,03J,Marcain_Plain Inj 0.5% 10ml Polyamp,1502010C0BBAJAD,6,57.07
2011-12-01,03J,Midazolam HCl_Inj 2mg/ml 5ml Amp,1501041T0AAABAB,5,44.67999999999999
2011-12-01,03J,Oxycodone HCl_Inj 10mg/ml 1ml Amp,0407020ADAAALAL,4,51.81999999999999
2011-12-01,03J,Oxycodone HCl_Inj 10mg/ml 2ml Amp,0407020ADAAAMAM,7,354.64
2011-12-01,03J,Oxycodone HCl_Inj 50mg/ml 1ml Amp,0407020ADAAANAN,5,2161.08
2011-12-01,03J,Xylocaine + Adren_Inj 1% 20ml Vl,1502010J0BBAXAY,29,68.96999999999998
2012-01-01,03J,Lido HCl/Adren (Base)_Inj 1% 20ml Vl,1502010J0AAAYAY,51,168.74
2012-01-01,03J,Marcain_Plain Inj 0.5% 10ml Polyamp,1502010C0BBAJAD,5,55.86
2012-01-01,03J,Midazolam HCl_Inj 2mg/ml 5ml Amp,1501041T0AAABAB,4,27.42
2012-01-01,03J,Oxycodone HCl_Inj 10mg/ml 1ml Amp,0407020ADAAALAL,4,37.02
2012-01-01,03J,Oxycodone HCl_Inj 10mg/ml 2ml Amp,0407020ADAAAMAM,1,118.11
2012-01-01,03J,Xylocaine + Adren_Inj 1% 20ml Vl,1502010J0BBAXAY,33,103.4
2012-02-01,03J,Lido HCl/Adren (Base)_Inj 1% 20ml Vl,1502010J0AAAYAY,9,10.71
2012-02-01,03J,Marcain_Plain Inj 0.5% 10ml Polyamp,1502010C0BBAJAD,1,11.18
2012-02-01,03J,Midazolam HCl_Inj 2mg/ml 5ml Amp,1501041T0AAABAB,1,9.08
2012-02-01,03J,Oxycodone HCl_Inj 10mg/ml 1ml Amp,0407020ADAAALAL,1,7.42
2012-02-01,03J,Oxycodone HCl_Inj 10mg/ml 2ml Amp,0407020ADAAAMAM,1,14.8
2012-02-01,03J,Xylocaine + Adren_Inj 1% 20ml Vl,1502010J0BBAXAY,23,52.34
2012-03-01,03J,Cefotaxime Sod_Inj 1g Vl,0501021D0AAABAB,2,111.96
2012-03-01,03J,Fondaparinux Sod_Inj 12.5mg/ml 0.6ml Pfs,0208010ABAAACAC,1,107.62
2012-03-01,03J,Lido HCl/Adren (Base)_Inj 1% 20ml Vl,1502010J0AAAYAY,27,44.03
2012-03-01,03J,Marcain_Plain Inj 0.5% 10ml Polyamp,1502010C0BBAJAD,11,122.98
2012-03-01,03J,Midazolam HCl_Inj 2mg/ml 5ml Amp,1501041T0AAABAB,3,21.16
2012-03-01,03J,Oxycodone HCl_Inj 10mg/ml 1ml Amp,0407020ADAAALAL,3,29.64
2012-03-01,03J,Xylocaine + Adren_Inj 1% 20ml Vl,1502010J0BBAXAY,29,120.11
2012-04-01,03J,Lido HCl/Adren (Base)_Inj 1% 20ml Vl,1502010J0AAAYAY,34,101.41
2012-04-01,03J,Marcain_Plain Inj 0.5% 10ml Polyamp,1502010C0BBAJAD,10,111.58
2012-04-01,03J,Midazolam HCl_Inj 2mg/ml 5ml Amp,1501041T0AAABAB,1,7.82
2012-04-01,03J,Oxycodone HCl_Inj 10mg/ml 1ml Amp,0407020ADAAALAL,12,199.39
2012-04-01,03J,Oxycodone HCl_Inj 10mg/ml 2ml Amp,0407020ADAAAMAM,7,295.0800000000001
2012-04-01,03J,Xylocaine + Adren_Inj 1% 20ml Vl,1502010J0BBAXAY,6,24.92
2012-05-01,03J,Fondaparinux Sod_Inj 5mg/ml 0.3ml Pfs,0208010ABAAAEAE,1,58.0
2012-05-01,03J,Lido HCl/Adren (Base)_Inj 1% 20ml Vl,1502010J0AAAYAY,17,30.28
2012-05-01,03J,Marcain_Plain Inj 0.5% 10ml Polyamp,1502010C0BBAJAD,7,58.13
2012-05-01,03J,Midazolam HCl_Inj 2mg/ml 5ml Amp,1501041T0AAABAB,3,26.01
2012-05-01,03J,Oxycodone HCl_Inj 10mg/ml 1ml Amp,0407020ADAAALAL,10,170.17000000000004
2012-05-01,03J,Oxycodone HCl_Inj 10mg/ml 2ml Amp,0407020ADAAAMAM,3,206.87
2012-05-01,03J,Xylocaine + Adren_Inj 1% 20ml Vl,1502010J0BBAXAY,25,105.2
2012-06-01,03J,Chlorphenamine Mal_Inj 10mg/ml 1ml Amp,0304010G0AAAAAA,1,2.15
2012-06-01,03J,Lido HCl/Adren (Base)_Inj 1% 20ml Vl,1502010J0AAAYAY,42,149.42000000000004
2012-06-01,03J,Marcain_Plain Inj 0.5% 10ml Polyamp,1502010C0BBAJAD,9,100.4
2012-06-01,03J,Midazolam HCl_Inj 2mg/ml 5ml Amp,1501041T0AAABAB,1,9.07
2012-06-01,03J,Oxycodone HCl_Inj 10mg/ml 1ml Amp,0407020ADAAALAL,7,81.27999999999999
2012-06-01,03J,Oxycodone HCl_Inj 10mg/ml 2ml Amp,0407020ADAAAMAM,2,29.54
2012-06-01,03J,Xylocaine + Adren_Inj 1% 20ml Vl,1502010J0BBAXAY,11,87.19
2012-07-01,03J,Cefotaxime Sod_Inj 1g Vl,0501021D0AAABAB,1,55.95
2012-07-01,03J,Gentamicin Sulf_Inj 40mg/ml 2ml Vl,0501040H0AAAMAM,1,110.76
2012-07-01,03J,Lido HCl/Adren (Base)_Inj 1% 20ml Vl,1502010J0AAAYAY,28,49.87000000000001
2012-07-01,03J,Marcain_Plain Inj 0.5% 10ml Polyamp,1502010C0BBAJAD,12,103.83
2012-07-01,03J,Midazolam HCl_Inj 2mg/ml 5ml Amp,1501041T0AAABAB,4,31.32
2012-07-01,03J,Oxycodone HCl_Inj 10mg/ml 1ml Amp,0407020ADAAALAL,5,103.5
2012-07-01,03J,Oxycodone HCl_Inj 10mg/ml 2ml Amp,0407020ADAAAMAM,1,29.56
2012-07-01,03J,Xylocaine + Adren_Inj 1% 20ml Vl,1502010J0BBAXAY,37,267.33
2012-08-01,03J,Lido HCl/Adren (Base)_Inj 1% 20ml Vl,1502010J0AAAYAY,18,56.98
2012-08-01,03J,Marcain_Plain Inj 0.5% 10ml Polyamp,1502010C0BBAJAD,6,56.88
2012-08-01,03J,Midazolam HCl_Inj 2mg/ml 5ml Amp,1501041T0AAABAB,2,15.64
2012-08-01,03J,Oxycodone HCl_Inj 10mg/ml 1ml Amp,0407020ADAAALAL,1,7.41
2012-08-01,03J,Xylocaine + Adren_Inj 1% 20ml Vl,1502010J0BBAXAY,24,78.3
2012-09-01,03J,"Adren_Inj 1/10,000 10ml Pfs",0207030A0AAABAB,1,6.44
2012-09-01,03J,Fondaparinux Sod_Inj 12.5mg/ml 0.6ml Pfs,0208010ABAAACAC,1,322.2
2012-09-01,03J,Lido HCl/Adren (Base)_Inj 1% 20ml Vl,1502010J0AAAYAY,22,39.12
2012-09-01,03J,Marcain_Plain Inj 0.5% 10ml Polyamp,1502010C0BBAJAD,15,86.98
2012-09-01,03J,Midazolam HCl_Inj 2mg/ml 5ml Amp,1501041T0AAABAB,1,5.98
2012-09-01,03J,Oxycodone HCl_Inj 10mg/ml 1ml Amp,0407020ADAAALAL,2,14.78
2012-09-01,03J,Xylocaine + Adren_Inj 1% 20ml Vl,1502010J0BBAXAY,30,128.15
2012-10-01,03J,Lido HCl/Adren (Base)_Inj 1% 20ml Vl,1502010J0AAAYAY,26,115.78
2012-10-01,03J,Marcain_Plain Inj 0.5% 10ml Polyamp,1502010C0BBAJAD,7,37.94
2012-10-01,03J,Midazolam HCl_Inj 2mg/ml 5ml Amp,1501041T0AAABAB,1,7.81
2012-10-01,03J,Oxycodone HCl_Inj 10mg/ml 1ml Amp,0407020ADAAALAL,8,189.07
2012-10-01,03J,Xylocaine + Adren_Inj 1% 20ml Vl,1502010J0BBAXAY,17,51.65000000000001
2012-11-01,03J,Lido HCl/Adren (Base)_Inj 1% 20ml Vl,1502010J0AAAYAY,19,33.8
2012-11-01,03J,Marcain_Plain Inj 0.5% 10ml Polyamp,1502010C0BBAJAD,6,6.69
2012-11-01,03J,Metoprolol Tart_Inj 1mg/ml 5ml Amp,0204000K0AAAAAA,1,115.58
2012-11-01,03J,Oxycodone HCl_Inj 10mg/ml 1ml Amp,0407020ADAAALAL,24,450.05
2012-11-01,03J,Oxycodone HCl_Inj 10mg/ml 2ml Amp,0407020ADAAAMAM,1,29.5
2012-11-01,03J,Xylocaine + Adren_Inj 1% 20ml Vl,1502010J0BBAXAY,39,195.8
2012-12-01,03J,Etanercept_Inj 50mg/1ml Pfs,1001030D0AAACAC,1,164.93
2012-12-01,03J,Gentamicin Sulf_Inj 40mg/ml 2ml Vl,0501040H0AAAMAM,1,221.3
2012-12-01,03J,Lido HCl/Adren (Base)_Inj 1% 20ml Vl,1502010J0AAAYAY,19,39.16
2012-12-01,03J,Marcain_Plain Inj 0.5% 10ml Polyamp,1502010C0BBAJAD,11,50.92
2012-12-01,03J,Midazolam HCl_Inj 2mg/ml 5ml Amp,1501041T0AAABAB,1,7.8
2012-12-01,03J,Oxycodone HCl_Inj 10mg/ml 1ml Amp,0407020ADAAALAL,5,59.07
2012-12-01,03J,Oxycodone HCl_Inj 10mg/ml 2ml Amp,0407020ADAAAMAM,1,14.76
2012-12-01,03J,Xylocaine + Adren_Inj 1% 20ml Vl,1502010J0BBAXAY,18,60.55
2013-01-01,03J,Gentamicin Sulf_Inj 40mg/ml 2ml Vl,0501040H0AAAMAM,1,76.25
2013-01-01,03J,Lido HCl/Adren (Base)_Inj 1% 20ml Vl,1502010J0AAAYAY,23,74.88
2013-01-01,03J,Marcain_Plain Inj 0.5% 10ml Polyamp,1502010C0BBAJAD,4,41.62
2013-01-01,03J,Midazolam HCl_Inj 2mg/ml 5ml Amp,1501041T0AAABAB,4,28.24
2013-01-01,03J,Oxycodone HCl_Inj 10mg/ml 1ml Amp,0407020ADAAALAL,12,177.46
2013-01-01,03J,Oxycodone HCl_Inj 10mg/ml 2ml Amp,0407020ADAAAMAM,6,295.58
2013-01-01,03J,Oxycodone HCl_Inj 50mg/ml 1ml Amp,0407020ADAAANAN,5,453.22
2013-01-01,03J,Xylocaine + Adren_Inj 1% 20ml Vl,1502010J0BBAXAY,17,78.45
2013-02-01,03J,Etanercept_Inj 50mg/1ml Pfs,1001030D0AAACAC,1,660.54
2013-02-01,03J,Lido HCl/Adren (Base)_Inj 1% 20ml Vl,1502010J0AAAYAY,11,19.62
2013-02-01,03J,Marcain_Plain Inj 0.5% 10ml Polyamp,1502010C0BBAJAD,10,122.23
2013-02-01,03J,Midazolam HCl_Inj 2mg/ml 5ml Amp,1501041T0AAABAB,3,16.1
2013-02-01,03J,Nutricia_preOp Liq,090402000BBQFA0,1,59.77
2013-02-01,03J,Oxycodone HCl_Inj 10mg/ml 1ml Amp,0407020ADAAALAL,4,81.34
2013-02-01,03J,Oxycodone HCl_Inj 10mg/ml 2ml Amp,0407020ADAAAMAM,3,118.28
2013-02-01,03J,Xylocaine + Adren_Inj 1% 20ml Vl,1502010J0BBAXAY,25,85.6
2013-03-01,03J,Amoxicillin Sod_Inj 500mg Vl,0501013C0AAADAD,1,10.75
2013-03-01,03J,Gentamicin Sulf_Inj 40mg/ml 2ml Vl,0501040H0AAAMAM,3,332.82
2013-03-01,03J,Lido HCl/Adren (Base)_Inj 1% 20ml Vl,1502010J0AAAYAY,34,80.28
2013-03-01,03J,Marcain_Plain Inj 0.5% 10ml Polyamp,1502010C0BBAJAD,12,205.21
2013-03-01,03J,Midazolam HCl_Inj 2mg/ml 5ml Amp,1501041T0AAABAB,1,6.95
2013-03-01,03J,Oxycodone HCl_Inj 10mg/ml 1ml Amp,0407020ADAAALAL,2,29.6
2013-03-01,03J,Oxycodone HCl_Inj 10mg/ml 2ml Amp,0407020ADAAAMAM,1,192.29
2013-03-01,03J,Tranexamic Acid_Inj 100mg/ml 5ml Amp,0211000P0AAAAAA,1,14.31
2013-03-01,03J,Xylocaine + Adren_Inj 1% 20ml Vl,1502010J0BBAXAY,44,278.54999999999995
2013-04-01,03J,Gentamicin Sulf_Inj 40mg/ml 2ml Vl,0501040H0AAAMAM,2,221.6
2013-04-01,03J,Lido HCl/Adren (Base)_Inj 1% 20ml Vl,1502010J0AAAYAY,7,12.47
2013-04-01,03J,Marcain_Plain Inj 0.5% 10ml Polyamp,1502010C0BBAJAD,8,105.9
2013-04-01,03J,Midazolam HCl_Inj 2mg/ml 5ml Amp,1501041T0AAABAB,1,8.4
2013-04-01,03J,Oxycodone HCl_Inj 10mg/ml 1ml Amp,0407020ADAAALAL,11,199.56000000000003
2013-04-01,03J,Xylocaine + Adren_Inj 1% 20ml Vl,1502010J0BBAXAY,19,67.74
2013-05-01,03J,Fondaparinux Sod_Inj 12.5mg/ml 0.6ml Pfs,0208010ABAAACAC,1,322.58
2013-05-01,03J,Gentamicin Sulf_Inj 40mg/ml 2ml Vl,0501040H0AAAMAM,2,221.47
2013-05-01,03J,Lido HCl/Adren (Base)_Inj 1% 20ml Vl,1502010J0AAAYAY,12,21.36
2013-05-01,03J,Marcain_Plain Inj 0.5% 10ml Polyamp,1502010C0BBAJAD,12,158.75
2013-05-01,03J,Midazolam HCl_Inj 2mg/ml 5ml Amp,1501041T0AAABAB,1,4.02
2013-05-01,03J,Oxycodone HCl_Inj 10mg/ml 1ml Amp,0407020ADAAALAL,1,7.39
2013-05-01,03J,Xylocaine + Adren_Inj 1% 20ml Vl,1502010J0BBAXAY,7,12.46
2013-06-01,03J,"Colistimeth Sod_Inj 1,000,000u Vl",0501070I0AAABAB,2,149.41
2013-06-01,03J,Fondaparinux Sod_Inj 12.5mg/ml 0.6ml Pfs,0208010ABAAACAC,1,322.39
2013-06-01,03J,Gentamicin Sulf_Inj 40mg/ml 2ml Vl,0501040H0AAAMAM,2,180.47
2013-06-01,03J,Lido HCl/Adren (Base)_Inj 1% 20ml Vl,1502010J0AAAYAY,41,101.47
2013-06-01,03J,Marcain_Plain Inj 0.5% 10ml Polyamp,1502010C0BBAJAD,16,257.61
2013-06-01,03J,Midazolam HCl_Inj 2mg/ml 5ml Amp,1501041T0AAABAB,2,14.9
2013-06-01,03J,Oxycodone HCl_Inj 10mg/ml 1ml Amp,0407020ADAAALAL,6,81.22999999999998
2013-06-01,03J,Oxycodone HCl_Inj 10mg/ml 2ml Amp,0407020ADAAAMAM,1,29.52
2013-06-01,03J,Xylocaine + Adren_Inj 1% 20ml Vl,1502010J0BBAXAY,12,35.61
2013-07-01,03J,Chlorphenamine Mal_Inj 10mg/ml 1ml Amp,0304010G0AAAAAA,1,2.58
2013-07-01,03J,"Colistimeth Sod_Inj 1,000,000u Vl",0501070I0AAABAB,1,99.7
2013-07-01,03J,Fondaparinux Sod_Inj 12.5mg/ml 0.6ml Pfs,0208010ABAAACAC,1,322.68
2013-07-01,03J,Gentamicin Sulf_Inj 40mg/ml 2ml Vl,0501040H0AAAMAM,2,221.54
2013-07-01,03J,Lido HCl/Adren (Base)_Inj 1% 20ml Vl,1502010J0AAAYAY,37,76.62
2013-07-01,03J,Marcain_Plain Inj 0.5% 10ml Polyamp,1502010C0BBAJAD,9,138.31
2013-07-01,03J,Oxycodone HCl_Inj 10mg/ml 1ml Amp,0407020ADAAALAL,3,22.19
2013-07-01,03J,Viridal Duo_S/Pack Inj 10mcg Cart,0704050B0BCAHBM,1,18.6
2013-07-01,03J,Xylocaine + Adren_Inj 1% 20ml Vl,1502010J0BBAXAY,17,69.5
2013-08-01,03J,Fondaparinux Sod_Inj 12.5mg/ml 0.6ml Pfs,0208010ABAAACAC,2,645.48
2013-08-01,03J,Lido HCl/Adren (Base)_Inj 1% 20ml Vl,1502010J0AAAYAY,7,12.47
2013-08-01,03J,Marcain_Plain Inj 0.5% 10ml Polyamp,1502010C0BBAJAD,3,51.24
2013-08-01,03J,Metoprolol Tart_Inj 1mg/ml 5ml Amp,0204000K0AAAAAA,1,139.04
2013-08-01,03J,Midazolam HCl_Inj 2mg/ml 5ml Amp,1501041T0AAABAB,1,6.94
2013-08-01,03J,Oxycodone HCl_Inj 10mg/ml 1ml Amp,0407020ADAAALAL,7,133.02
2013-08-01,03J,Oxycodone HCl_Inj 10mg/ml 2ml Amp,0407020ADAAAMAM,3,59.12000000000001
2013-08-01,03J,Oxycodone HCl_Inj 50mg/ml 1ml Amp,0407020ADAAANAN,1,129.44
2013-08-01,03J,Xylocaine + Adren_Inj 1% 20ml Vl,1502010J0BBAXAY,36,65.92
2013-09-01,03J,Chlorphenamine Mal_Inj 10mg/ml 1ml Amp,0304010G0AAAAAA,2,5.18
2013-09-01,03J,"Colistimeth Sod_Inj 1,000,000u Vl",0501070I0AAABAB,1,99.75
2013-09-01,03J,Fondaparinux Sod_Inj 12.5mg/ml 0.6ml Pfs,0208010ABAAACAC,2,624.28
2013-09-01,03J,Lido HCl/Adren (Base)_Inj 1% 20ml Vl,1502010J0AAAYAY,41,106.96
2013-09-01,03J,Marcain_Plain Inj 0.5% 10ml Polyamp,1502010C0BBAJAD,13,145.22
2013-09-01,03J,Metoprolol Tart_Inj 1mg/ml 5ml Amp,0204000K0AAAAAA,1,139.09
2013-09-01,03J,Midazolam HCl_Inj 2mg/ml 5ml Amp,1501041T0AAABAB,2,10.96
2013-09-01,03J,Oxycodone HCl_Inj 10mg/ml 1ml Amp,0407020ADAAALAL,14,280.92
2013-09-01,03J,Oxycodone HCl_Inj 10mg/ml 2ml Amp,0407020ADAAAMAM,7,103.51999999999998
2013-09-01,03J,Tranexamic Acid_Inj 100mg/ml 5ml Amp,0211000P0AAAAAA,1,28.59
2013-09-01,03J,Xylocaine + Adren_Inj 1% 20ml Vl,1502010J0BBAXAY,30,94.51
2013-10-01,03J,Ceftriaxone Sod_Inj 1g Vl,0501021G0AAACAC,1,8.86
2013-10-01,03J,Fondaparinux Sod_Inj 12.5mg/ml 0.6ml Pfs,0208010ABAAACAC,1,301.56
2013-10-01,03J,Gentamicin Sulf_Inj 40mg/ml 2ml Vl,0501040H0AAAMAM,1,38.15
2013-10-01,03J,Lido HCl/Adren (Base)_Inj 1% 20ml Vl,1502010J0AAAYAY,20,35.66000000000001
2013-10-01,03J,Marcain_Plain Inj 0.5% 10ml Polyamp,1502010C0BBAJAD,11,126.48
2013-10-01,03J,Oxycodone HCl_Inj 10mg/ml 1ml Amp,0407020ADAAALAL,2,14.8
2013-10-01,03J,Xylocaine + Adren_Inj 1% 20ml Vl,1502010J0BBAXAY,17,30.32
2013-11-01,03J,Etanercept_Inj 50mg/1ml Pfs,1001030D0AAACAC,1,659.55
2013-11-01,03J,Fondaparinux Sod_Inj 12.5mg/ml 0.6ml Pfs,0208010ABAAACAC,1,301.08
2013-11-01,03J,Lido HCl/Adren (Base)_Inj 1% 20ml Vl,1502010J0AAAYAY,24,42.72
2013-11-01,03J,Marcain_Plain Inj 0.5% 10ml Polyamp,1502010C0BBAJAD,23,300.35
2013-11-01,03J,Midazolam HCl_Inj 2mg/ml 5ml Amp,1501041T0AAABAB,1,6.93
2013-11-01,03J,Oxycodone HCl_Inj 10mg/ml 1ml Amp,0407020ADAAALAL,3,36.93
2013-11-01,03J,Oxycodone HCl_Inj 10mg/ml 2ml Amp,0407020ADAAAMAM,3,88.59
2013-11-01,03J,Tranexamic Acid_Inj 100mg/ml 5ml Amp,0211000P0AAAAAA,2,28.56
2013-11-01,03J,Xylocaine + Adren_Inj 1% 20ml Vl,1502010J0BBAXAY,29,119.35
2013-12-01,03J,Arixtra_Inj 7.5mg/0.6ml Pfs,0208010ABBBACAC,1,107.59
2013-12-01,03J,"Colistimeth Sod_Inj 1,000,000u Vl",0501070I0AAABAB,1,66.48
2013-12-01,03J,Ertapenem Sod_I/V Inf 1g Vl (Dry),0501022B0AAAAAA,1,292.2
2013-12-01,03J,Fondaparinux Sod_Inj 12.5mg/ml 0.6ml Pfs,0208010ABAAACAC,1,301.33
2013-12-01,03J,Gentamicin Sulf_Inj 40mg/ml 2ml Vl,0501040H0AAAMAM,4,443.18
2013-12-01,03J,Lido HCl/Adren (Base)_Inj 1% 20ml Vl,1502010J0AAAYAY,20,35.65
2013-12-01,03J,Marcain_Plain Inj 0.5% 10ml Polyamp,1502010C0BBAJAD,11,95.64
2013-12-01,03J,Oxycodone HCl_Inj 10mg/ml 1ml Amp,0407020ADAAALAL,7,103.48
2013-12-01,03J,Tranexamic Acid_Inj 100mg/ml 5ml Amp,0211000P0AAAAAA,1,14.29
2013-12-01,03J,Xylocaine + Adren_Inj 1% 20ml Vl,1502010J0BBAXAY,16,28.51
2014-01-01,03J,"Colistimeth Sod_Inj 1,000,000u Vl",0501070I0AAABAB,1,84.97
2014-01-01,03J,Fondaparinux Sod_Inj 12.5mg/ml 0.6ml Pfs,0208010ABAAACAC,1,301.41
2014-01-01,03J,Lido HCl/Adren (Base)_Inj 1% 20ml Vl,1502010J0AAAYAY,37,74.86
2014-01-01,03J,Marcain_Plain Inj 0.5% 10ml Polyamp,1502010C0BBAJAD,2,18.79
2014-01-01,03J,Midazolam HCl_Inj 2mg/ml 5ml Amp,1501041T0AAABAB,2,14.760000000000002
2014-01-01,03J,Nutricia_preOp Liq,090402000BBQFA0,1,34.14
2014-01-01,03J,Oxycodone HCl_Inj 10mg/ml 1ml Amp,0407020ADAAALAL,1,14.79
2014-01-01,03J,Xylocaine + Adren_Inj 1% 20ml Vl,1502010J0BBAXAY,30,53.46
2014-02-01,03J,Etanercept_Inj 50mg/1ml Pfs,1001030D0AAACAC,1,660.11
2014-02-01,03J,Fondaparinux Sod_Inj 12.5mg/ml 0.6ml Pfs,0208010ABAAACAC,1,301.34
2014-02-01,03J,Lido HCl/Adren (Base)_Inj 1% 20ml Vl,1502010J0AAAYAY,18,32.05
2014-02-01,03J,Marcain_Plain Inj 0.5% 10ml Polyamp,1502010C0BBAJAD,7,119.55
2014-02-01,03J,Oxycodone HCl_Inj 10mg/ml 1ml Amp,0407020ADAAALAL,2,22.17
2014-02-01,03J,Oxycodone HCl_Inj 50mg/ml 1ml Amp,0407020ADAAANAN,1,64.73
2014-02-01,03J,Xylocaine + Adren_Inj 1% 20ml Vl,1502010J0BBAXAY,27,49.86000000000001
2014-03-01,03J,Capecitabine_Tab 500mg,0801030V0AAAAAA,1,43.07
2014-03-01,03J,"Colistimeth Sod_Inj 1,000,000u Vl",0501070I0AAABAB,2,212.64
2014-03-01,03J,Etanercept_Inj 50mg/1ml Pfs,1001030D0AAACAC,1,660.96
2014-03-01,03J,Lido HCl/Adren (Base)_Inj 1% 20ml Vl,1502010J0AAAYAY,19,33.9
2014-03-01,03J,Marcain_Plain Inj 0.5% 10ml Polyamp,1502010C0BBAJAD,11,80.38
2014-03-01,03J,Midazolam HCl_Inj 2mg/ml 5ml Amp,1501041T0AAABAB,1,6.95
2014-03-01,03J,Oxycodone HCl_Inj 10mg/ml 1ml Amp,0407020ADAAALAL,8,205.79
2014-03-01,03J,Oxycodone HCl_Inj 10mg/ml 2ml Amp,0407020ADAAAMAM,1,59.17
2014-03-01,03J,Xylocaine + Adren_Inj 1% 20ml Vl,1502010J0BBAXAY,12,21.4
2014-04-01,03J,Fondaparinux Sod_Inj 12.5mg/ml 0.6ml Pfs,0208010ABAAACAC,2,645.63
2014-04-01,03J,Lido HCl/Adren (Base)_Inj 1% 20ml Vl,1502010J0AAAYAY,16,28.51
2014-04-01,03J,Marcain_Plain Inj 0.5% 10ml Polyamp,1502010C0BBAJAD,13,52.95
2014-04-01,03J,Midazolam HCl_Inj 2mg/ml 5ml Amp,1501041T0AAABAB,1,6.94
2014-04-01,03J,Oxycodone HCl_Inj 10mg/ml 1ml Amp,0407020ADAAALAL,4,51.76000000000001
2014-04-01,03J,Oxycodone HCl_Inj 10mg/ml 2ml Amp,0407020ADAAAMAM,1,29.56
2014-04-01,03J,Xylocaine + Adren_Inj 1% 20ml Vl,1502010J0BBAXAY,12,21.39
2014-05-01,03J,Fondaparinux Sod_Inj 12.5mg/ml 0.6ml Pfs,0208010ABAAACAC,1,323.1
2014-05-01,03J,Lido HCl/Adren (Base)_Inj 1% 20ml Vl,1502010J0AAAYAY,11,19.62
2014-05-01,03J,Marcain_Plain Inj 0.5% 10ml Polyamp,1502010C0BBAJAD,12,35.91
2014-05-01,03J,Oxycodone HCl_Inj 10mg/ml 1ml Amp,0407020ADAAALAL,9,148.0
2014-05-01,03J,Oxycodone HCl_Inj 50mg/ml 1ml Amp,0407020ADAAANAN,4,842.2700000000002
2014-05-01,03J,Xylocaine + Adren_Inj 1% 20ml Vl,1502010J0BBAXAY,22,41.03
2014-06-01,03J,Etanercept_Inj 50mg/1ml Pfs,1001030D0AAACAC,1,660.34
2014-06-01,03J,Fondaparinux Sod_Inj 12.5mg/ml 0.6ml Pfs,0208010ABAAACAC,1,322.87
2014-06-01,03J,Lido HCl/Adren (Base)_Inj 1% 20ml Vl,1502010J0AAAYAY,15,26.73
2014-06-01,03J,Marcain_Plain Inj 0.5% 10ml Polyamp,1502010C0BBAJAD,6,71.76
2014-06-01,03J,Oxycodone HCl_Inj 10mg/ml 1ml Amp,0407020ADAAALAL,9,110.94
2014-06-01,03J,Xylocaine + Adren_Inj 1% 20ml Vl,1502010J0BBAXAY,34,60.58000000000001
2014-07-01,03J,Fondaparinux Sod_Inj 12.5mg/ml 0.6ml Pfs,0208010ABAAACAC,1,323.3
2014-07-01,03J,Lido HCl/Adren (Base)_Inj 1% 20ml Vl,1502010J0AAAYAY,19,33.910000000000004
2014-07-01,03J,Marcain_Plain Inj 0.5% 10ml Polyamp,1502010C0BBAJAD,19,186.48
2014-07-01,03J,Oxycodone HCl_Inj 10mg/ml 1ml Amp,0407020ADAAALAL,8,74.08
2014-07-01,03J,Oxycodone HCl_Inj 10mg/ml 2ml Amp,0407020ADAAAMAM,1,14.81
2014-07-01,03J,Oxycodone HCl_Inj 50mg/ml 1ml Amp,0407020ADAAANAN,3,842.77
2014-07-01,03J,Xylocaine + Adren_Inj 1% 20ml Vl,1502010J0BBAXAY,21,37.48
2014-08-01,03J,Alfentanil HCl_Inj 5mg/ml 1ml Amp,1501043A0AAADAD,3,64.32
2014-08-01,03J,Co-Amoxiclav_Inj 500mg/100mg Vl,0501013K0AAAEAE,1,9.81
2014-08-01,03J,Fondaparinux Sod_Inj 12.5mg/ml 0.6ml Pfs,0208010ABAAACAC,1,323.09
2014-08-01,03J,Lido HCl/Adren (Base)_Inj 1% 20ml Vl,1502010J0AAAYAY,1,1.78
2014-08-01,03J,Oxycodone HCl_Inj 10mg/ml 1ml Amp,0407020ADAAALAL,4,44.42
2014-08-01,03J,Oxycodone HCl_Inj 10mg/ml 2ml Amp,0407020ADAAAMAM,2,44.39
2014-08-01,03J,Viridal Duo_S/Pack Inj 10mcg Cart,0704050B0BCAHBM,1,37.23
2014-08-01,03J,Xylocaine + Adren_Inj 1% 20ml Vl,1502010J0BBAXAY,7,12.48
2014-09-01,03J,Fondaparinux Sod_Inj 12.5mg/ml 0.6ml Pfs,0208010ABAAACAC,1,323.27
2014-09-01,03J,Gentamicin Sulf_Inj 40mg/ml 2ml Vl,0501040H0AAAMAM,3,665.8
2014-09-01,03J,Lido HCl/Adren (Base)_Inj 1% 20ml Vl,1502010J0AAAYAY,49,87.43
2014-09-01,03J,Marcain_Plain Inj 0.5% 10ml Polyamp,1502010C0BBAJAD,7,11.97
2014-09-01,03J,Midazolam HCl_Inj 2mg/ml 5ml Amp,1501041T0AAABAB,1,4.8
2014-09-01,03J,Oxycodone HCl_Inj 10mg/ml 1ml Amp,0407020ADAAALAL,6,74.05
2014-09-01,03J,Oxycodone HCl_Inj 10mg/ml 2ml Amp,0407020ADAAAMAM,1,88.78
2014-09-01,03J,Oxycodone HCl_Inj 50mg/ml 1ml Amp,0407020ADAAANAN,4,1037.16
2014-09-01,03J,Pantoprazole_Inj 40mg Vl,0103050R0AAACAC,1,32.38
2014-09-01,03J,Xylocaine + Adren_Inj 1% 20ml Vl,1502010J0BBAXAY,35,62.44000000000001
2014-10-01,03J,Ketorolac Trometamol_Inj 30mg/ml 1ml Amp,1501042E0AAAAAA,1,19.83
2014-10-01,03J,Lido HCl/Adren (Base)_Inj 1% 20ml Vl,1502010J0AAAYAY,20,35.68
2014-10-01,03J,Marcain_Plain Inj 0.5% 10ml Polyamp,1502010C0BBAJAD,14,23.94
2014-10-01,03J,Oxycodone HCl_Inj 10mg/ml 1ml Amp,0407020ADAAALAL,7,155.39
2014-10-01,03J,Oxycodone HCl_Inj 50mg/ml 1ml Amp,0407020ADAAANAN,4,1684.87
2014-10-01,03J,Xylocaine + Adren_Inj 1% 20ml Vl,1502010J0BBAXAY,16,28.53
2014-11-01,03J,Capecitabine_Tab 500mg,0801030V0AAAAAA,1,42.97
2014-11-01,03J,"Colistimeth Sod_Inj 1,000,000u Vl",0501070I0AAABAB,1,99.62
2014-11-01,03J,Fondaparinux Sod_Inj 12.5mg/ml 0.6ml Pfs,0208010ABAAACAC,1,322.44
2014-11-01,03J,Lido HCl/Adren (Base)_Inj 1% 20ml Vl,1502010J0AAAYAY,23,40.94
2014-11-01,03J,Marcain_Plain Inj 0.5% 10ml Polyamp,1502010C0BBAJAD,19,32.42
2014-11-01,03J,Oxycodone HCl_Inj 10mg/ml 1ml Amp,0407020ADAAALAL,11,199.35
2014-11-01,03J,Oxycodone HCl_Inj 50mg/ml 1ml Amp,0407020ADAAANAN,6,794.67
2014-11-01,03J,Xylocaine + Adren_Inj 1% 20ml Vl,1502010J0BBAXAY,27,48.06
2014-12-01,03J,Alfentanil HCl_Inj 5mg/ml 1ml Amp,1501043A0AAADAD,2,85.72
2014-12-01,03J,"Colistimeth Sod_Inj 1,000,000u Vl",0501070I0AAABAB,1,99.78
2014-12-01,03J,Fondaparinux Sod_Inj 12.5mg/ml 0.6ml Pfs,0208010ABAAACAC,1,322.96
2014-12-01,03J,Gentamicin Sulf_Inj 40mg/ml 2ml Vl,0501040H0AAAMAM,3,665.16
2014-12-01,03J,Lido HCl/Adren (Base)_Inj 1% 20ml Vl,1502010J0AAAYAY,14,24.96
2014-12-01,03J,Marcain_Plain Inj 0.5% 10ml Polyamp,1502010C0BBAJAD,11,18.8
2014-12-01,03J,Oxycodone HCl_Inj 10mg/ml 1ml Amp,0407020ADAAALAL,6,155.25
2014-12-01,03J,Oxycodone HCl_Inj 10mg/ml 2ml Amp,0407020ADAAAMAM,1,29.57
2014-12-01,03J,Xylocaine + Adren_Inj 1% 20ml Vl,1502010J0BBAXAY,21,39.23
2015-01-01,03J,Fondaparinux Sod_Inj 12.5mg/ml 0.6ml Pfs,0208010ABAAACAC,1,322.67
2015-01-01,03J,Gentamicin Sulf_Inj 40mg/ml 2ml Vl,0501040H0AAAMAM,1,221.52
2015-01-01,03J,Lido HCl/Adren (Base)_Inj 1% 20ml Vl,1502010J0AAAYAY,35,62.35
2015-01-01,03J,Marcain_Plain Inj 0.5% 10ml Polyamp,1502010C0BBAJAD,9,15.37
2015-01-01,03J,Midazolam HCl_Inj 2mg/ml 5ml Amp,1501041T0AAABAB,2,41.06
2015-01-01,03J,Oxycodone HCl_Inj 10mg/ml 1ml Amp,0407020ADAAALAL,13,214.29
2015-01-01,03J,Oxycodone HCl_Inj 10mg/ml 2ml Amp,0407020ADAAAMAM,4,215.75
2015-01-01,03J,Oxycodone HCl_Inj 50mg/ml 1ml Amp,0407020ADAAANAN,6,853.16
2015-01-01,03J,Xylocaine + Adren_Inj 1% 20ml Vl,1502010J0BBAXAY,34,60.56
2015-02-01,03J,Alfentanil HCl_Inj 5mg/ml 1ml Amp,1501043A0AAADAD,1,30.15
2015-02-01,03J,"Colistimeth Sod_Inj 1,000,000u Vl",0501070I0AAABAB,1,99.91
2015-02-01,03J,Gentamicin Sulf_Inj 40mg/ml 2ml Vl,0501040H0AAAMAM,2,444.0
2015-02-01,03J,Lido HCl/Adren (Base)_Inj 1% 20ml Vl,1502010J0AAAYAY,19,33.92
2015-02-01,03J,Marcain_Plain Inj 0.5% 10ml Polyamp,1502010C0BBAJAD,12,20.53
2015-02-01,03J,Oxycodone HCl_Inj 10mg/ml 1ml Amp,0407020ADAAALAL,5,81.44999999999997
2015-02-01,03J,Oxycodone HCl_Inj 10mg/ml 2ml Amp,0407020ADAAAMAM,5,251.65
2015-02-01,03J,Oxycodone HCl_Inj 50mg/ml 1ml Amp,0407020ADAAANAN,4,518.76
2015-02-01,03J,Xylocaine + Adren_Inj 1% 20ml Vl,1502010J0BBAXAY,11,19.65
2015-03-01,03J,Alfentanil HCl_Inj 5mg/ml 1ml Amp,1501043A0AAADAD,1,30.17
2015-03-01,03J,Gentamicin Sulf_Inj 40mg/ml 2ml Vl,0501040H0AAAMAM,1,222.18
2015-03-01,03J,Lido HCl/Adren (Base)_Inj 1% 20ml Vl,1502010J0AAAYAY,16,30.16
2015-03-01,03J,Marcain_Plain Inj 0.5% 10ml Polyamp,1502010C0BBAJAD,12,20.56
2015-03-01,03J,Oxycodone HCl_Inj 10mg/ml 1ml Amp,0407020ADAAALAL,3,59.28
2015-03-01,03J,Oxycodone HCl_Inj 10mg/ml 2ml Amp,0407020ADAAAMAM,4,296.28
2015-03-01,03J,Xylocaine + Adren_Inj 1% 20ml Vl,1502010J0BBAXAY,11,19.66
2015-04-01,03J,Alfentanil HCl_Inj 5mg/ml 1ml Amp,1501043A0AAADAD,2,60.28
2015-04-01,03J,Gentamicin Sulf_Inj 40mg/ml 2ml Vl,0501040H0AAAMAM,1,221.96
2015-04-01,03J,Lido HCl/Adren (Base)_Inj 1% 20ml Vl,1502010J0AAAYAY,24,44.29
2015-04-01,03J,Marcain_Plain Inj 0.5% 10ml Polyamp,1502010C0BBAJAD,22,37.63
2015-04-01,03J,Oxycodone HCl_Inj 10mg/ml 1ml Amp,0407020ADAAALAL,6,118.44
2015-04-01,03J,Oxycodone HCl_Inj 10mg/ml 2ml Amp,0407020ADAAAMAM,4,369.95
2015-04-01,03J,Xylocaine + Adren_Inj 1% 20ml Vl,1502010J0BBAXAY,14,24.99
2015-05-01,03J,Abatacept_Inj 125mg/1ml Pfs,1001030V0AAABAB,1,1118.73
2015-05-01,03J,Ceftriaxone Sod_Inj 2g Vl,0501021G0AAADAD,1,248.36
2015-05-01,03J,"Colistimeth Sod_Inj 1,000,000u Vl",0501070I0AAABAB,1,99.9
2015-05-01,03J,Fondaparinux Sod_Inj 12.5mg/ml 0.6ml Pfs,0208010ABAAACAC,1,107.79
2015-05-01,03J,Lido HCl/Adren (Base)_Inj 1% 20ml Vl,1502010J0AAAYAY,18,32.69
2015-05-01,03J,Marcain_Plain Inj 0.5% 10ml Polyamp,1502010C0BBAJAD,7,12.09
2015-05-01,03J,Oxycodone HCl_Inj 10mg/ml 1ml Amp,0407020ADAAALAL,5,96.25
2015-05-01,03J,Oxycodone HCl_Inj 10mg/ml 2ml Amp,0407020ADAAAMAM,4,458.78
2015-05-01,03J,Xylocaine + Adren_Inj 1% 20ml Vl,1502010J0BBAXAY,34,60.66
2015-06-01,03J,Fondaparinux Sod_Inj 12.5mg/ml 0.6ml Pfs,0208010ABAAACAC,1,323.47
2015-06-01,03J,Lido HCl/Adren (Base)_Inj 1% 20ml Vl,1502010J0AAAYAY,12,21.43
2015-06-01,03J,Marcain_Plain Inj 0.5% 10ml Polyamp,1502010C0BBAJAD,18,30.81
2015-06-01,03J,Oxycodone HCl_Inj 10mg/ml 1ml Amp,0407020ADAAALAL,3,96.26
2015-06-01,03J,Oxycodone HCl_Inj 10mg/ml 2ml Amp,0407020ADAAAMAM,1,148.05
2015-06-01,03J,Xylocaine + Adren_Inj 1% 20ml Vl,1502010J0BBAXAY,35,62.5
2015-07-01,03J,Fondaparinux Sod_Inj 12.5mg/ml 0.6ml Pfs,0208010ABAAACAC,1,323.31
2015-07-01,03J,Lido HCl/Adren (Base)_Inj 1% 20ml Vl,1502010J0AAAYAY,10,17.85
2015-07-01,03J,Marcain_Plain Inj 0.5% 10ml Polyamp,1502010C0BBAJAD,32,54.75
2015-07-01,03J,Oxycodone HCl_Inj 10mg/ml 1ml Amp,0407020ADAAALAL,9,177.69
2015-07-01,03J,Oxycodone HCl_Inj 10mg/ml 2ml Amp,0407020ADAAAMAM,3,325.57
2015-07-01,03J,Xylocaine + Adren_Inj 1% 20ml Vl,1502010J0BBAXAY,26,46.4
2015-08-01,03J,Fondaparinux Sod_Inj 12.5mg/ml 0.6ml Pfs,0208010ABAAACAC,2,646.38
2015-08-01,03J,Lido HCl/Adren (Base)_Inj 1% 20ml Vl,1502010J0AAAYAY,47,83.86
2015-08-01,03J,Marcain_Plain Inj 0.5% 10ml Polyamp,1502010C0BBAJAD,12,20.52
2015-08-01,03J,Oxycodone HCl_Inj 10mg/ml 1ml Amp,0407020ADAAALAL,10,162.82
2015-08-01,03J,Oxycodone HCl_Inj 10mg/ml 2ml Amp,0407020ADAAAMAM,3,355.03
2015-08-01,03J,Oxycodone HCl_Inj 50mg/ml 1ml Amp,0407020ADAAANAN,2,129.64
2015-08-01,03J,Xylocaine + Adren_Inj 1% 20ml Vl,1502010J0BBAXAY,12,21.4
2015-09-01,03J,Fondaparinux Sod_Inj 12.5mg/ml 0.6ml Pfs,0208010ABAAACAC,1,323.47
2015-09-01,03J,Gentamicin Sulf_Inj 40mg/ml 2ml Vl,0501040H0AAAMAM,1,103.74
2015-09-01,03J,Lido HCl/Adren (Base)_Inj 1% 20ml Vl,1502010J0AAAYAY,15,28.47
2015-09-01,03J,Marcain_Plain Inj 0.5% 10ml Polyamp,1502010C0BBAJAD,29,49.64
2015-09-01,03J,Midazolam HCl_Inj 2mg/ml 5ml Amp,1501041T0AAABAB,1,8.42
2015-09-01,03J,Oxycodone HCl_Inj 10mg/ml 1ml Amp,0407020ADAAALAL,10,125.95
2015-09-01,03J,Oxycodone HCl_Inj 10mg/ml 2ml Amp,0407020ADAAAMAM,2,296.1
2015-09-01,03J,Vancomycin HCl_I/V Inf 500mg Vl,0501070U0AAACAC,1,187.84
2015-09-01,03J,Xylocaine + Adren_Inj 1% 20ml Vl,1502010J0BBAXAY,16,28.57
2015-10-01,03J,Fondaparinux Sod_Inj 12.5mg/ml 0.6ml Pfs,0208010ABAAACAC,1,323.24
2015-10-01,03J,Lido HCl/Adren (Base)_Inj 1% 20ml Vl,1502010J0AAAYAY,12,21.41
2015-10-01,03J,Marcain_Plain Inj 0.5% 10ml Polyamp,1502010C0BBAJAD,14,23.95
2015-10-01,03J,Oxycodone HCl_Inj 10mg/ml 1ml Amp,0407020ADAAALAL,2,22.22
2015-10-01,03J,Xylocaine + Adren_Inj 1% 20ml Vl,1502010J0BBAXAY,18,32.12
2015-11-01,03J,Capecitabine_Tab 500mg,0801030V0AAAAAA,1,171.81
2015-11-01,03J,Fondaparinux Sod_Inj 12.5mg/ml 0.6ml Pfs,0208010ABAAACAC,1,322.92
2015-11-01,03J,Lido HCl/Adren (Base)_Inj 1% 20ml Vl,1502010J0AAAYAY,46,85.49
2015-11-01,03J,Marcain_Plain Inj 0.5% 10ml Polyamp,1502010C0BBAJAD,14,23.92
2015-11-01,03J,Oxycodone HCl_Inj 10mg/ml 1ml Amp,0407020ADAAALAL,5,96.12
2015-11-01,03J,Oxycodone HCl_Inj 10mg/ml 2ml Amp,0407020ADAAAMAM,1,29.57
2015-11-01,03J,Oxycodone HCl_Inj 50mg/ml 1ml Amp,0407020ADAAANAN,1,194.26
2015-11-01,03J,Xylocaine + Adren_Inj 1% 20ml Vl,1502010J0BBAXAY,43,76.77
2015-12-01,03J,Fondaparinux Sod_Inj 12.5mg/ml 0.6ml Pfs,0208010ABAAACAC,1,323.26
2015-12-01,03J,Lido HCl/Adren (Base)_Inj 1% 20ml Vl,1502010J0AAAYAY,52,94.93
2015-12-01,03J,Marcain_Plain Inj 0.5% 10ml Polyamp,1502010C0BBAJAD,13,22.24
2015-12-01,03J,Oxycodone HCl_Inj 10mg/ml 1ml Amp,0407020ADAAALAL,14,281.28000000000003
2015-12-01,03J,Oxycodone HCl_Inj 10mg/ml 2ml Amp,0407020ADAAAMAM,1,44.4
2015-12-01,03J,Xylocaine + Adren_Inj 1% 20ml Vl,1502010J0BBAXAY,13,23.200000000000006
2016-01-01,03J,Fondaparinux Sod_Inj 5mg/ml 0.3ml Pfs,0208010ABAAAEAE,1,58.01
2016-01-01,03J,Lido HCl/Adren (Base)_Inj 1% 20ml Vl,1502010J0AAAYAY,36,64.17
2016-01-01,03J,Marcain_Plain Inj 0.5% 10ml Polyamp,1502010C0BBAJAD,11,18.8
2016-01-01,03J,Midazolam HCl_Inj 2mg/ml 5ml Amp,1501041T0AAABAB,2,24.03
2016-01-01,03J,Oxycodone HCl_Inj 10mg/ml 1ml Amp,0407020ADAAALAL,9,162.66
2016-01-01,03J,Oxycodone HCl_Inj 10mg/ml 2ml Amp,0407020ADAAAMAM,6,310.4
2016-01-01,03J,Viridal Duo_S/Pack Inj 40mcg Cart,0704050B0BCAIBN,1,27.58
2016-01-01,03J,Xylocaine + Adren_Inj 1% 20ml Vl,1502010J0BBAXAY,34,60.61
2016-02-01,03J,"Colistimeth Sod_Inj 1,000,000u Vl",0501070I0AAABAB,1,49.99
2016-02-01,03J,Fondaparinux Sod_Inj 12.5mg/ml 0.6ml Pfs,0208010ABAAACAC,1,107.85
2016-02-01,03J,Gentamicin Sulf_Inj 40mg/ml 2ml Vl,0501040H0AAAMAM,1,71.43
2016-02-01,03J,Lido HCl/Adren (Base)_Inj 1% 20ml Vl,1502010J0AAAYAY,2,3.58
2016-02-01,03J,Marcain_Plain Inj 0.5% 10ml Polyamp,1502010C0BBAJAD,13,22.26
2016-02-01,03J,Oxycodone HCl_Inj 10mg/ml 1ml Amp,0407020ADAAALAL,6,96.33
2016-02-01,03J,Oxycodone HCl_Inj 10mg/ml 2ml Amp,0407020ADAAAMAM,1,14.82
2016-02-01,03J,Viridal Duo_S/Pack Inj 40mcg Cart,0704050B0BCAIBN,1,55.24
2016-02-01,03J,Xylocaine + Adren_Inj 1% 20ml Vl,1502010J0BBAXAY,26,46.56
2016-03-01,03J,Lido HCl/Adren (Base)_Inj 1% 20ml Vl,1502010J0AAAYAY,52,92.9
2016-03-01,03J,Marcain_Plain Inj 0.5% 10ml Polyamp,1502010C0BBAJAD,8,13.7
2016-03-01,03J,Oxycodone HCl_Inj 10mg/ml 1ml Amp,0407020ADAAALAL,10,214.89
2016-03-01,03J,Oxycodone HCl_Inj 10mg/ml 2ml Amp,0407020ADAAAMAM,3,207.39
2016-03-01,03J,Oxycodone HCl_Inj 50mg/ml 1ml Amp,0407020ADAAANAN,1,129.79
2016-03-01,03J,Xylocaine + Adren_Inj 1% 20ml Vl,1502010J0BBAXAY,17,30.5
2016-04-01,03J,Alfentanil HCl_Inj 5mg/ml 1ml Amp,1501043A0AAADAD,2,42.94
2016-04-01,03J,Arixtra_Inj 7.5mg/0.6ml Pfs,0208010ABBBACAC,1,107.85
2016-04-01,03J,Fondaparinux Sod_Inj 12.5mg/ml 0.6ml Pfs,0208010ABAAACAC,1,102.45
2016-04-01,03J,Lido HCl/Adren (Base)_Inj 1% 20ml Vl,1502010J0AAAYAY,31,55.37
2016-04-01,03J,Marcain_Plain Inj 0.5% 10ml Polyamp,1502010C0BBAJAD,23,39.38
2016-04-01,03J,Oxycodone HCl_Inj 10mg/ml 1ml Amp,0407020ADAAALAL,14,185.29
2016-04-01,03J,Oxycodone HCl_Inj 10mg/ml 2ml Amp,0407020ADAAAMAM,5,148.14
2016-04-01,03J,Xylocaine + Adren_Inj 1% 20ml Vl,1502010J0BBAXAY,24,43.44
2016-05-01,03J,Arixtra_Inj 7.5mg/0.6ml Pfs,0208010ABBBACAC,1,107.86
2016-05-01,03J,Fondaparinux Sod_Inj 12.5mg/ml 0.6ml Pfs,0208010ABAAACAC,3,312.8
2016-05-01,03J,Lido HCl/Adren (Base)_Inj 1% 20ml Vl,1502010J0AAAYAY,36,64.3
2016-05-01,03J,Lucentis_Inj 10mg/ml 0.23ml Vl,1108020ADBBABAB,1,686.74
2016-05-01,03J,Marcain_Plain Inj 0.5% 10ml Polyamp,1502010C0BBAJAD,9,15.41
2016-05-01,03J,Oxycodone HCl_Inj 10mg/ml 1ml Amp,0407020ADAAALAL,5,88.91
2016-05-01,03J,Oxycodone HCl_Inj 10mg/ml 2ml Amp,0407020ADAAAMAM,2,88.87
2016-05-01,03J,Xylocaine + Adren_Inj 1% 20ml Vl,1502010J0BBAXAY,14,25.24
2016-06-01,03J,Fondaparinux Sod_Inj 12.5mg/ml 0.6ml Pfs,0208010ABAAACAC,1,323.65
2016-06-01,03J,Marcain_Plain Inj 0.5% 10ml Polyamp,1502010C0BBAJAD,27,46.25
2016-06-01,03J,Oxycodone HCl_Inj 10mg/ml 1ml Amp,0407020ADAAALAL,8,126.0
2016-06-01,03J,Oxycodone HCl_Inj 10mg/ml 2ml Amp,0407020ADAAAMAM,1,59.26
2016-06-01,03J,Xylocaine + Adren_Inj 1% 20ml Vl,1502010J0BBAXAY,21,39.31
2016-07-01,03J,Lido HCl/Adren (Base)_Inj 1% 20ml Vl,1502010J0AAAYAY,58,103.73
2016-07-01,03J,Marcain_Plain Inj 0.5% 10ml Polyamp,1502010C0BBAJAD,17,29.14
2016-07-01,03J,Oxycodone HCl_Inj 10mg/ml 1ml Amp,0407020ADAAALAL,6,118.68
2016-07-01,03J,Oxycodone HCl_Inj 10mg/ml 2ml Amp,0407020ADAAAMAM,4,118.65
2016-07-01,03J,Xylocaine + Adren_Inj 1% 20ml Vl,1502010J0BBAXAY,12,21.46
2016-08-01,03J,Lido HCl/Adren (Base)_Inj 1% 20ml Vl,1502010J0AAAYAY,27,48.84
2016-08-01,03J,Marcain_Plain Inj 0.5% 10ml Polyamp,1502010C0BBAJAD,13,22.28
2016-08-01,03J,Midazolam HCl_Inj 2mg/ml 5ml Amp,1501041T0AAABAB,1,6.42
2016-08-01,03J,Oxycodone HCl_Inj 10mg/ml 1ml Amp,0407020ADAAALAL,2,14.84
2016-08-01,03J,Oxycodone HCl_Inj 10mg/ml 2ml Amp,0407020ADAAAMAM,1,14.84
2016-08-01,03J,Oxycodone HCl_Inj 50mg/ml 1ml Amp,0407020ADAAANAN,1,39.08
2016-08-01,03J,Xylocaine + Adren_Inj 1% 20ml Vl,1502010J0BBAXAY,13,23.25
2016-09-01,03J,"Colistimeth Sod_Inj 1,000,000u Vl",0501070I0AAABAB,1,93.5
2016-09-01,03J,Lido HCl/Adren (Base)_Inj 1% 20ml Vl,1502010J0AAAYAY,34,60.8
2016-09-01,03J,Marcain_Plain Inj 0.5% 10ml Polyamp,1502010C0BBAJAD,25,42.85
2016-09-01,03J,Oxycodone HCl_Inj 10mg/ml 1ml Amp,0407020ADAAALAL,4,66.75999999999999
2016-09-01,03J,Xylocaine + Adren_Inj 1% 20ml Vl,1502010J0BBAXAY,11,19.67
2016-10-01,03J,Lido HCl/Adren (Base)_Inj 1% 20ml Vl,1502010J0AAAYAY,10,18.1
2016-10-01,03J,Marcain_Plain Inj 0.5% 10ml Polyamp,1502010C0BBAJAD,22,37.69
2016-10-01,03J,Nutricia_preOp Liq,090402000BBQFA0,1,8.57
2016-10-01,03J,Oxycodone HCl_Inj 10mg/ml 1ml Amp,0407020ADAAALAL,3,22.26
2016-10-01,03J,Oxycodone HCl_Inj 10mg/ml 2ml Amp,0407020ADAAAMAM,2,59.3
2016-10-01,03J,Xylocaine + Adren_Inj 1% 20ml Vl,1502010J0BBAXAY,36,64.35
2016-11-01,03J,Lido HCl/Adren (Base)_Inj 1% 20ml Vl,1502010J0AAAYAY,16,28.59
2016-11-01,03J,Marcain_Plain Inj 0.5% 10ml Polyamp,1502010C0BBAJAD,22,37.67
2016-11-01,03J,Oxycodone HCl_Inj 10mg/ml 1ml Amp,0407020ADAAALAL,2,44.45
2016-11-01,03J,Viridal Duo_S/Pack Inj 40mcg Cart,0704050B0BCAIBN,1,55.25
2016-11-01,03J,Xylocaine + Adren_Inj 1% 20ml Vl,1502010J0BBAXAY,26,46.45
2016-12-01,03J,Lido HCl/Adren (Base)_Inj 1% 20ml Vl,1502010J0AAAYAY,20,35.76
2016-12-01,03J,Marcain_Plain Inj 0.5% 10ml Polyamp,1502010C0BBAJAD,12,20.56
2016-12-01,03J,Oxycodone HCl_Inj 10mg/ml 1ml Amp,0407020ADAAALAL,10,163.13
2016-12-01,03J,Oxycodone HCl_Inj 50mg/ml 1ml Amp,0407020ADAAANAN,2,519.5
2016-12-01,03J,Xylocaine + Adren_Inj 1% 20ml Vl,1502010J0BBAXAY,8,14.31
2017-01-01,03J,Gentamicin Sulf_Inj 40mg/ml 2ml Vl,0501040H0AAAMAM,1,71.45108
2017-01-01,03J,Lido HCl/Adren (Base)_Inj 1% 20ml Vl,1502010J0AAAYAY,28,50.0278
2017-01-01,03J,Marcain_Plain Inj 0.5% 10ml Polyamp,1502010C0BBAJAD,18,30.827640000000002
2017-01-01,03J,Oxycodone HCl_Inj 10mg/ml 1ml Amp,0407020ADAAALAL,3,22.25532
2017-01-01,03J,Xylocaine + Adren_Inj 1% 20ml Vl,1502010J0BBAXAY,17,44.69546
2017-02-01,03J,Lido HCl/Adren (Base)_Inj 1% 20ml Vl,1502010J0AAAYAY,15,26.82905
2017-02-01,03J,Marcain_Plain Inj 0.5% 10ml Polyamp,1502010C0BBAJAD,16,27.43143
2017-02-01,03J,Oxycodone HCl_Inj 10mg/ml 1ml Amp,0407020ADAAALAL,6,51.97170000000001
2017-02-01,03J,Xylocaine + Adren_Inj 1% 20ml Vl,1502010J0BBAXAY,15,32.20414
2017-03-01,03J,Lido HCl/Adren (Base)_Inj 1% 20ml Vl,1502010J0AAAYAY,18,32.210370000000005
2017-03-01,03J,Marcain_Plain Inj 0.5% 10ml Polyamp,1502010C0BBAJAD,22,37.73639
2017-03-01,03J,Oxycodone HCl_Inj 10mg/ml 1ml Amp,0407020ADAAALAL,2,22.27721
2017-03-01,03J,Xylocaine + Adren_Inj 1% 20ml Vl,1502010J0BBAXAY,21,46.53537
2017-04-01,03J,Fondaparinux Sod_Inj 12.5mg/ml 0.6ml Pfs,0208010ABAAACAC,1,323.64597000000003
2017-04-01,03J,Lido HCl/Adren (Base)_Inj 1% 20ml Vl,1502010J0AAAYAY,7,12.506910000000001
2017-04-01,03J,Marcain_Plain Inj 0.5% 10ml Polyamp,1502010C0BBAJAD,11,18.83905
2017-04-01,03J,Midazolam HCl_Inj 2mg/ml 5ml Amp,1501041T0AAABAB,1,3.3155
2017-04-01,03J,Oxycodone HCl_Inj 10mg/ml 1ml Amp,0407020ADAAALAL,4,44.48568
2017-04-01,03J,Xylocaine + Adren_Inj 1% 20ml Vl,1502010J0BBAXAY,9,16.0803
2017-05-01,03J,Fondaparinux Sod_Inj 12.5mg/ml 0.6ml Pfs,0208010ABAAACAC,2,648.1313
2017-05-01,03J,Lido HCl/Adren (Base)_Inj 1% 20ml Vl,1502010J0AAAYAY,16,28.624290000000002
2017-05-01,03J,Marcain_Plain Inj 0.5% 10ml Polyamp,1502010C0BBAJAD,2,3.4297199999999997
2017-05-01,03J,Midazolam HCl_Inj 2mg/ml 5ml Amp,1501041T0AAABAB,1,6.32495
2017-05-01,03J,Oxycodone HCl_Inj 10mg/ml 1ml Amp,0407020ADAAALAL,11,141.03316999999998
2017-05-01,03J,Oxycodone HCl_Inj 10mg/ml 2ml Amp,0407020ADAAAMAM,3,89.02462
2017-05-01,03J,Xylocaine + Adren_Inj 1% 20ml Vl,1502010J0BBAXAY,22,42.9457
2017-06-01,03J,Bupivac HCl_Inj 0.5% 50mg/10ml Amp,1502010C0AAADAD,1,1.7134099999999999
2017-06-01,03J,Fondaparinux Sod_Inj 12.5mg/ml 0.6ml Pfs,0208010ABAAACAC,1,323.79084
2017-06-01,03J,Lido HCl/Adren (Base)_Inj 1% 20ml Vl,1502010J0AAAYAY,10,17.98741
2017-06-01,03J,Oxycodone HCl_Inj 10mg/ml 1ml Amp,0407020ADAAALAL,13,133.52913999999998
2017-06-01,03J,Oxycodone HCl_Inj 10mg/ml 2ml Amp,0407020ADAAAMAM,1,59.287040000000005
2017-06-01,03J,Oxycodone HCl_Inj 50mg/ml 1ml Amp,0407020ADAAANAN,3,311.7736
2017-06-01,03J,Xylocaine + Adren_Inj 1% 20ml Vl,1502010J0BBAXAY,21,76.90883000000001
2017-07-01,03J,Bupivac HCl/Glucose_Inj 5mg/80mg/ml 4ml,1502010C0AAAKAK,1,5.49714
2017-07-01,03J,Fondaparinux Sod_Inj 12.5mg/ml 0.6ml Pfs,0208010ABAAACAC,1,323.45775
2017-07-01,03J,Lido HCl/Adren (Base)_Inj 1% 20ml Vl,1502010J0AAAYAY,10,17.85662
2017-07-01,03J,Nutricia_preOp Liq,090402000BBQFA0,2,14.55065
2017-07-01,03J,Oxycodone HCl_Inj 10mg/ml 1ml Amp,0407020ADAAALAL,3,44.44744
2017-07-01,03J,Oxycodone HCl_Inj 10mg/ml 2ml Amp,0407020ADAAAMAM,3,177.67818
2017-07-01,03J,Oxycodone HCl_Inj 50mg/ml 1ml Amp,0407020ADAAANAN,5,583.77914
2017-07-01,03J,Xylocaine + Adren_Inj 1% 20ml Vl,1502010J0BBAXAY,6,10.71397
2017-08-01,03J,Fondaparinux Sod_Inj 12.5mg/ml 0.6ml Pfs,0208010ABAAACAC,1,323.48278
2017-08-01,03J,Lido HCl/Adren (Base)_Inj 1% 20ml Vl,1502010J0AAAYAY,8,14.2864
2017-08-01,03J,Marcain_Plain Inj 0.5% 10ml Polyamp,1502010C0BBAJAD,2,3.4235599999999997
2017-08-01,03J,Midazolam HCl_Inj 2mg/ml 5ml Amp,1501041T0AAABAB,2,9.95133
2017-08-01,03J,Oxycodone HCl_Inj 10mg/ml 1ml Amp,0407020ADAAALAL,4,37.061
2017-08-01,03J,Oxycodone HCl_Inj 50mg/ml 1ml Amp,0407020ADAAANAN,3,454.07455
2017-08-01,03J,Viridal Duo_S/Pack Inj 40mcg Cart,0704050B0BCAIBN,1,55.2273
2017-08-01,03J,Xylocaine + Adren_Inj 1% 20ml Vl,1502010J0BBAXAY,21,42.86845
2017-09-01,03J,Dexameth Sod Phos Base_Inj 3.8mg/ml1mlVl,0603020H0AAALAL,1,18.60367
2017-09-01,03J,Lido HCl/Adren (Base)_Inj 1% 20ml Vl,1502010J0AAAYAY,55,98.32904
2017-09-01,03J,Oxycodone HCl_Inj 10mg/ml 1ml Amp,0407020ADAAALAL,9,105.54173
2017-09-01,03J,Oxycodone HCl_Inj 50mg/ml 1ml Amp,0407020ADAAANAN,1,194.81783000000001
2017-09-01,03J,Viridal Duo_S/Pack Inj 40mcg Cart,0704050B0BCAIBN,1,55.28915
2017-09-01,03J,Xylocaine + Adren_Inj 1% 20ml Vl,1502010J0BBAXAY,6,10.7268
2017-10-01,03J,Dexameth Sod Phos Base_Inj 3.8mg/ml1mlVl,0603020H0AAALAL,5,92.95414
2017-10-01,03J,Fondaparinux Sod_Inj 12.5mg/ml 0.6ml Pfs,0208010ABAAACAC,1,323.62136
2017-10-01,03J,Lido HCl/Adren (Base)_Inj 1% 20ml Vl,1502010J0AAAYAY,26,46.4507
2017-10-01,03J,Oxycodone HCl_Inj 10mg/ml 1ml Amp,0407020ADAAALAL,4,29.6714
2017-10-01,03J,Viridal Duo_S/Pack Inj 40mcg Cart,0704050B0BCAIBN,1,27.63788
2017-10-01,03J,Xylocaine + Adren_Inj 1% 20ml Vl,1502010J0BBAXAY,25,51.83204
2017-11-01,03J,Dexameth Sod Phos Base_Inj 3.8mg/ml1mlVl,0603020H0AAALAL,2,37.144859999999994
2017-11-01,03J,Fondaparinux Sod_Inj 12.5mg/ml 0.6ml Pfs,0208010ABAAACAC,1,323.30096000000003
2017-11-01,03J,Levetiracetam_I/V Inf 100mg/ml 5ml Vl,0408010A0AAAJAJ,4,989.1931800000001
2017-11-01,03J,Lido HCl/Adren (Base)_Inj 1% 20ml Vl,1502010J0AAAYAY,18,32.12634
2017-11-01,03J,Marcain_Plain Inj 0.5% 10ml Polyamp,1502010C0BBAJAD,1,1.71082
2017-11-01,03J,Midazolam HCl_Inj 2mg/ml 5ml Amp,1501041T0AAABAB,2,19.44486
2017-11-01,03J,Oxycodone HCl_Inj 10mg/ml 1ml Amp,0407020ADAAALAL,9,118.48151999999999
2017-11-01,03J,Viridal Duo_S/Pack Inj 20mcg Cart,0704050B0BCAGBL,1,113.49345
2017-11-01,03J,Xylocaine + Adren_Inj 1% 20ml Vl,1502010J0BBAXAY,25,44.61992
2017-12-01,03J,Dexameth Sod Phos Base_Inj 3.8mg/ml1mlVl,0603020H0AAALAL,3,55.69738
2017-12-01,03J,Fondaparinux Sod_Inj 12.5mg/ml 0.6ml Pfs,0208010ABAAACAC,1,323.83072999999996
2017-12-01,03J,Levetiracetam_I/V Inf 100mg/ml 5ml Vl,0408010A0AAAJAJ,1,471.71137999999996
2017-12-01,03J,Lido HCl/Adren (Base)_Inj 1% 20ml Vl,1502010J0AAAYAY,12,21.45265
2017-12-01,03J,Midazolam HCl_Inj 2mg/ml 5ml Amp,1501041T0AAABAB,1,3.33586
2017-12-01,03J,Oxycodone HCl_Inj 10mg/ml 1ml Amp,0407020ADAAALAL,14,178.01937999999996
2017-12-01,03J,Viridal Duo_S/Pack Inj 20mcg Cart,0704050B0BCAGBL,1,113.67938999999998
2017-12-01,03J,Xylocaine + Adren_Inj 1% 20ml Vl,1502010J0BBAXAY,25,44.69302
2018-01-01,03J,Dexameth Sod Phos Base_Inj 3.8mg/ml1mlVl,0603020H0AAALAL,3,55.71986999999999
2018-01-01,03J,Fondaparinux Sod_Inj 12.5mg/ml 0.6ml Pfs,0208010ABAAACAC,1,307.75433
2018-01-01,03J,Levetiracetam_I/V Inf 100mg/ml 5ml Vl,0408010A0AAAJAJ,1,471.90189000000004
2018-01-01,03J,Lido HCl/Adren (Base)_Inj 1% 20ml Vl,1502010J0AAAYAY,10,17.88443
2018-01-01,03J,Oxycodone HCl_Inj 10mg/ml 1ml Amp,0407020ADAAALAL,3,29.690150000000006
2018-01-01,03J,Oxycodone HCl_Inj 10mg/ml 2ml Amp,0407020ADAAAMAM,2,74.15715
2018-01-01,03J,Oxycodone HCl_Inj 50mg/ml 1ml Amp,0407020ADAAANAN,1,259.84629
2018-01-01,03J,Viridal Duo_S/Pack Inj 20mcg Cart,0704050B0BCAGBL,1,113.72528999999999
2018-01-01,03J,Xylocaine + Adren_Inj 1% 20ml Vl,1502010J0BBAXAY,48,85.95767000000002
2018-02-01,03J,Dexameth Sod Phos Base_Inj 3.8mg/ml1mlVl,0603020H0AAALAL,3,55.67775
2018-02-01,03J,Etanercept_Inj 50mg/ml 1ml Pf Pen,1001030D0AAAEAE,1,608.04502
2018-02-01,03J,Lido HCl/Adren (Base)_Inj 1% 20ml Vl,1502010J0AAAYAY,17,30.4109
2018-02-01,03J,Oxycodone HCl_Inj 10mg/ml 1ml Amp,0407020ADAAALAL,7,108.44626
2018-02-01,03J,Viridal Duo_S/Pack Inj 20mcg Cart,0704050B0BCAGBL,1,113.75285
2018-02-01,03J,Xylocaine + Adren_Inj 1% 20ml Vl,1502010J0BBAXAY,28,50.20095
2018-03-01,03J,Dexameth Sod Phos Base_Inj 3.8mg/ml1mlVl,0603020H0AAALAL,2,37.16964
2018-03-01,03J,Fondaparinux Sod_Inj 12.5mg/ml 0.6ml Pfs,0208010ABAAACAC,1,648.96128
2018-03-01,03J,Lido HCl/Adren (Base)_Inj 1% 20ml Vl,1502010J0AAAYAY,16,28.66149
2018-03-01,03J,Marcain_Plain Inj 0.5% 10ml Polyamp,1502010C0BBAJAD,1,1.7170900000000002
2018-03-01,03J,Oxycodone HCl_Inj 10mg/ml 1ml Amp,0407020ADAAALAL,9,93.76984
2018-03-01,03J,Oxycodone HCl_Inj 50mg/ml 1ml Amp,0407020ADAAANAN,7,1496.5545
2018-03-01,03J,Viridal Duo_S/Pack Inj 20mcg Cart,0704050B0BCAGBL,1,113.90968000000001
2018-03-01,03J,Xylocaine + Adren_Inj 1% 20ml Vl,1502010J0BBAXAY,17,35.94852
2018-04-01,03J,"Colistimeth Sod_Inj 1,000,000u Vl",0501070I0AAABAB,1,100.17068
2018-04-01,03J,Dexameth Sod Phos Base_Inj 3.8mg/ml1mlVl,0603020H0AAALAL,3,55.680690000000006
2018-04-01,03J,Lido HCl/Adren (Base)_Inj 1% 20ml Vl,1502010J0AAAYAY,17,30.42772
2018-04-01,03J,Oxycodone HCl_Inj 10mg/ml 1ml Amp,0407020ADAAALAL,4,44.56439
2018-04-01,03J,Oxycodone HCl_Inj 10mg/ml 2ml Amp,0407020ADAAAMAM,1,29.68893
2018-04-01,03J,Xylocaine + Adren_Inj 1% 20ml Vl,1502010J0BBAXAY,31,55.48585
2018-05-01,03J,Dexameth Sod Phos Base_Inj 3.8mg/ml1mlVl,0603020H0AAALAL,4,92.85712
2018-05-01,03J,Levetiracetam_I/V Inf 100mg/ml 5ml Vl,0408010A0AAAJAJ,1,236.31891000000002
2018-05-01,03J,Lido HCl/Adren (Base)_Inj 1% 20ml Vl,1502010J0AAAYAY,24,42.98845
2018-05-01,03J,Marcain_Plain Inj 0.5% 10ml Polyamp,1502010C0BBAJAD,3,5.1508199999999995
2018-05-01,03J,Midazolam HCl_Inj 2mg/ml 5ml Amp,1501041T0AAABAB,1,6.40684
2018-05-01,03J,Oxycodone HCl_Inj 10mg/ml 1ml Amp,0407020ADAAALAL,5,95.19689
2018-05-01,03J,Oxycodone HCl_Inj 50mg/ml 1ml Amp,0407020ADAAANAN,2,780.7216599999999
2018-05-01,03J,Viridal Duo_S/Pack Inj 20mcg Cart,0704050B0BCAGBL,1,113.89963
2018-05-01,03J,Xylocaine + Adren_Inj 1% 20ml Vl,1502010J0BBAXAY,18,32.24136
2018-06-01,03J,"Colistimeth Sod_Inj 1,000,000u Vl",0501070I0AAABAB,1,100.2171
2018-06-01,03J,Dexameth Sod Phos Base_Inj 3.8mg/ml1mlVl,0603020H0AAALAL,2,37.13766
2018-06-01,03J,Lido HCl/Adren (Base)_Inj 1% 20ml Vl,1502010J0AAAYAY,3,5.37209
2018-06-01,03J,Oxycodone HCl_Inj 10mg/ml 1ml Amp,0407020ADAAALAL,5,141.09083
2018-06-01,03J,Viridal Duo_S/Pack Inj 20mcg Cart,0704050B0BCAGBL,1,113.86847
2018-06-01,03J,Xylocaine + Adren_Inj 1% 20ml Vl,1502010J0BBAXAY,47,84.16269
2018-07-01,03J,"Colistimeth Sod_Inj 1,000,000u Vl",0501070I0AAABAB,1,100.26016
2018-07-01,03J,Dexameth Sod Phos Base_Inj 3.8mg/ml1mlVl,0603020H0AAALAL,4,74.3072
2018-07-01,03J,Ketorolac Trometamol_Inj 30mg/ml 1ml Amp,1501042E0AAAAAA,1,3.72528
2018-07-01,03J,Lido HCl/Adren (Base)_Inj 1% 20ml Vl,1502010J0AAAYAY,30,53.74394
2018-07-01,03J,Oxycodone HCl_Inj 10mg/ml 1ml Amp,0407020ADAAALAL,6,104.03504000000001
2018-07-01,03J,Xylocaine + Adren_Inj 1% 20ml Vl,1502010J0BBAXAY,45,80.72828
2018-08-01,03J,Bupivac HCl_Inj 0.5% 50mg/10ml Amp,1502010C0AAADAD,13,9.17615
2018-08-01,03J,"Colistimeth Sod_Inj 1,000,000u Vl",0501070I0AAABAB,1,100.31846999999999
2018-08-01,03J,Dexameth Sod Phos Base_Inj 3.8mg/ml1mlVl,0603020H0AAALAL,3,55.76279
2018-08-01,03J,Lido HCl/Adren (Base)_Inj 1% 20ml Vl,1502010J0AAAYAY,2,3.58501
2018-08-01,03J,Oxycodone HCl_Inj 10mg/ml 1ml Amp,0407020ADAAALAL,13,398.51345
2018-08-01,03J,Viridal Duo_S/Pack Inj 20mcg Cart,0704050B0BCAGBL,1,113.98364
2018-08-01,03J,Xylocaine + Adren_Inj 1% 20ml Vl,1502010J0BBAXAY,33,59.152730000000005
2018-09-01,03J,Alfentanil HCl_Inj 5mg/ml 1ml Amp,1501043A0AAADAD,2,30.34177
2018-09-01,03J,Bupivac HCl_Inj 0.5% 50mg/10ml Amp,1502010C0AAADAD,29,20.4491
2018-09-01,03J,"Colistimeth Sod_Inj 1,000,000u Vl",0501070I0AAABAB,1,100.21673
2018-09-01,03J,Dexameth Sod Phos Base_Inj 3.8mg/ml1mlVl,0603020H0AAALAL,3,55.706269999999996
2018-09-01,03J,Lido HCl/Adren (Base)_Inj 1% 20ml Vl,1502010J0AAAYAY,20,35.81377
2018-09-01,03J,Marcain_Plain Inj 0.5% 10ml Polyamp,1502010C0BBAJAD,3,5.14939
2018-09-01,03J,Oxycodone HCl_Inj 10mg/ml 1ml Amp,0407020ADAAALAL,17,349.27033
2018-09-01,03J,Viridal Duo_S/Pack Inj 20mcg Cart,0704050B0BCAGBL,1,113.86806000000001
2018-09-01,03J,Xylocaine + Adren_Inj 1% 20ml Vl,1502010J0BBAXAY,27,48.34860000000001
2018-10-01,03J,Alfentanil HCl_Inj 5mg/ml 1ml Amp,1501043A0AAADAD,2,43.06472
2018-10-01,03J,Bupivac HCl_Inj 0.5% 50mg/10ml Amp,1502010C0AAADAD,12,8.46321
2018-10-01,03J,"Colistimeth Sod_Inj 1,000,000u Vl",0501070I0AAABAB,1,100.23472
2018-10-01,03J,Dexameth Sod Phos Base_Inj 3.8mg/ml1mlVl,0603020H0AAALAL,3,55.71626
2018-10-01,03J,Lido HCl/Adren (Base)_Inj 1% 20ml Vl,1502010J0AAAYAY,25,46.67866
2018-10-01,03J,Midazolam HCl_Inj 2mg/ml 5ml Amp,1501041T0AAABAB,1,9.81912
2018-10-01,03J,Oxycodone HCl_Inj 10mg/ml 1ml Amp,0407020ADAAALAL,14,289.7047500000001
2018-10-01,03J,Oxycodone HCl_Inj 10mg/ml 2ml Amp,0407020ADAAAMAM,2,103.95905
2018-10-01,03J,Xylocaine + Adren_Inj 1% 20ml Vl,1502010J0BBAXAY,33,59.10333000000001
2018-11-01,03J,Alfentanil HCl_Inj 5mg/ml 1ml Amp,1501043A0AAADAD,1,21.52672
2018-11-01,03J,Bupivac HCl_Inj 0.5% 50mg/10ml Amp,1502010C0AAADAD,9,6.34575
2018-11-01,03J,"Colistimeth Sod_Inj 1,000,000u Vl",0501070I0AAABAB,2,200.41691
2018-11-01,03J,Dexameth Sod Phos Base_Inj 3.8mg/ml1mlVl,0603020H0AAALAL,4,74.2689
2018-11-01,03J,Lido HCl/Adren (Base)_Inj 1% 20ml Vl,1502010J0AAAYAY,20,35.81081
2018-11-01,03J,Oxycodone HCl_Inj 10mg/ml 1ml Amp,0407020ADAAALAL,14,133.76834
2018-11-01,03J,Oxycodone HCl_Inj 10mg/ml 2ml Amp,0407020ADAAAMAM,3,133.63194
2018-11-01,03J,Viridal Duo_S/Pack Inj 20mcg Cart,0704050B0BCAGBL,1,113.85865
2018-11-01,03J,Xylocaine + Adren_Inj 1% 20ml Vl,1502010J0BBAXAY,51,91.31756
2018-12-01,03J,Bupivac HCl_Inj 0.5% 50mg/10ml Amp,1502010C0AAADAD,9,6.3487599999999995
2018-12-01,03J,"Colistimeth Sod_Inj 1,000,000u Vl",0501070I0AAABAB,1,100.25598000000001
2018-12-01,03J,Dexameth Sod Phos Base_Inj 3.8mg/ml1mlVl,0603020H0AAALAL,2,37.15205
2018-12-01,03J,Ketorolac Trometamol_Inj 30mg/ml 1ml Amp,1501042E0AAAAAA,2,39.82521
2018-12-01,03J,Levetiracetam_I/V Inf 100mg/ml 5ml Vl,0408010A0AAAJAJ,1,118.17916000000001
2018-12-01,03J,Lido HCl/Adren (Base)_Inj 1% 20ml Vl,1502010J0AAAYAY,17,30.45363
2018-12-01,03J,Oxycodone HCl_Inj 10mg/ml 1ml Amp,0407020ADAAALAL,9,118.9188
2018-12-01,03J,Oxycodone HCl_Inj 10mg/ml 2ml Amp,0407020ADAAAMAM,1,44.5651
2018-12-01,03J,Xylocaine + Adren_Inj 1% 20ml Vl,1502010J0BBAXAY,21,37.61919
2019-01-01,03J,Bupivac HCl_Inj 0.5% 50mg/10ml Amp,1502010C0AAADAD,10,7.05392
2019-01-01,03J,"Colistimeth Sod_Inj 1,000,000u Vl",0501070I0AAABAB,1,100.25235
2019-01-01,03J,Dexameth Sod Phos Base_Inj 3.8mg/ml1mlVl,0603020H0AAALAL,4,74.30142
2019-01-01,03J,Lido HCl/Adren (Base)_Inj 1% 20ml Vl,1502010J0AAAYAY,28,50.1571
2019-01-01,03J,Oxycodone HCl_Inj 10mg/ml 1ml Amp,0407020ADAAALAL,12,156.07760000000005
2019-01-01,03J,Oxycodone HCl_Inj 10mg/ml 2ml Amp,0407020ADAAAMAM,2,89.12698
2019-01-01,03J,Viridal Duo_S/Pack Inj 20mcg Cart,0704050B0BCAGBL,2,136.71006
2019-01-01,03J,Xylocaine + Adren_Inj 1% 20ml Vl,1502010J0BBAXAY,45,80.60964
2019-02-01,03J,Bupivac HCl_Inj 0.5% 50mg/10ml Amp,1502010C0AAADAD,9,6.35176
2019-02-01,03J,"Colistimeth Sod_Inj 1,000,000u Vl",0501070I0AAABAB,1,100.30335
2019-02-01,03J,Dexameth Sod Phos Base_Inj 3.8mg/ml1mlVl,0603020H0AAALAL,3,55.7544
2019-02-01,03J,Lido HCl/Adren (Base)_Inj 1% 20ml Vl,1502010J0AAAYAY,16,28.67578
2019-02-01,03J,Oxycodone HCl_Inj 10mg/ml 1ml Amp,0407020ADAAALAL,18,215.66304
2019-02-01,03J,Oxycodone HCl_Inj 10mg/ml 2ml Amp,0407020ADAAAMAM,2,89.17231
2019-02-01,03J,Xylocaine + Adren_Inj 1% 20ml Vl,1502010J0BBAXAY,28,50.18262
2019-03-01,03J,Bupivac HCl_Inj 0.5% 50mg/10ml Amp,1502010C0AAADAD,9,6.35475
2019-03-01,03J,"Colistimeth Sod_Inj 1,000,000u Vl",0501070I0AAABAB,1,100.35054000000001
2019-03-01,03J,Dexameth Sod Phos Base_Inj 3.8mg/ml1mlVl,0603020H0AAALAL,3,55.780609999999996
2019-03-01,03J,Fluclox Sod_Inj 250mg Vl,0501012G0AAACAC,1,79.91129000000001
2019-03-01,03J,Lido HCl/Adren (Base)_Inj 1% 20ml Vl,1502010J0AAAYAY,15,26.8962
2019-03-01,03J,Oxycodone HCl_Inj 10mg/ml 1ml Amp,0407020ADAAALAL,23,312.44828999999993
2019-03-01,03J,Oxycodone HCl_Inj 10mg/ml 2ml Amp,0407020ADAAAMAM,2,29.754620000000003
2019-03-01,03J,Tranexamic Acid_Inj 100mg/ml 5ml Amp,0211000P0AAAAAA,1,28.75742
2019-03-01,03J,Xylocaine + Adren_Inj 1% 20ml Vl,1502010J0BBAXAY,53,95.03323
2019-04-01,03J,Bupivac HCl_Inj 0.5% 50mg/10ml Amp,1502010C0AAADAD,24,16.94653
2019-04-01,03J,"Colistimeth Sod_Inj 1,000,000u Vl",0501070I0AAABAB,1,100.35370999999999
2019-04-01,03J,Dexameth Sod Phos Base_Inj 3.8mg/ml1mlVl,0603020H0AAALAL,4,74.37649
2019-04-01,03J,Lido HCl/Adren (Base)_Inj 1% 20ml Vl,1502010J0AAAYAY,8,14.3451
2019-04-01,03J,Midazolam HCl_Inj 2mg/ml 5ml Amp,1501041T0AAABAB,1,6.65537
2019-04-01,03J,Oxycodone HCl_Inj 10mg/ml 1ml Amp,0407020ADAAALAL,12,120.75838
2019-04-01,03J,Oxycodone HCl_Inj 10mg/ml 2ml Amp,0407020ADAAAMAM,5,104.11966
2019-04-01,03J,Viridal Duo_S/Pack Inj 20mcg Cart,0704050B0BCAGBL,1,114.02368
2019-04-01,03J,Xylocaine + Adren_Inj 1% 20ml Vl,1502010J0BBAXAY,44,79.0104
2019-05-01,03J,Bupivac HCl_Inj 0.5% 50mg/10ml Amp,1502010C0AAADAD,21,14.821370000000002
2019-05-01,03J,"Colistimeth Sod_Inj 1,000,000u Vl",0501070I0AAABAB,1,100.30739
2019-05-01,03J,Dexameth Sod Phos Base_Inj 3.8mg/ml1mlVl,0603020H0AAALAL,2,37.17109
2019-05-01,03J,Fondaparinux Sod_Inj 12.5mg/ml 0.6ml Pfs,0208010ABAAACAC,1,649.31101
2019-05-01,03J,Lido HCl/Adren (Base)_Inj 1% 20ml Vl,1502010J0AAAYAY,15,26.884629999999998
2019-05-01,03J,Oxycodone HCl_Inj 10mg/ml 1ml Amp,0407020ADAAALAL,12,116.14523999999999
2019-05-01,03J,Oxycodone HCl_Inj 10mg/ml 2ml Amp,0407020ADAAAMAM,6,222.95215
2019-05-01,03J,Xylocaine + Adren_Inj 1% 20ml Vl,1502010J0BBAXAY,72,129.04622
2019-06-01,03J,Bupivac HCl_Inj 0.5% 50mg/10ml Amp,1502010C0AAADAD,17,12.00693
2019-06-01,03J,"Colistimeth Sod_Inj 1,000,000u Vl",0501070I0AAABAB,1,100.37993
2019-06-01,03J,Dexameth Sod Phos Base_Inj 3.8mg/ml1mlVl,0603020H0AAALAL,4,74.39591999999999
2019-06-01,03J,Lido HCl/Adren (Base)_Inj 1% 20ml Vl,1502010J0AAAYAY,22,39.45932
2019-06-01,03J,Midazolam HCl_Inj 2mg/ml 5ml Amp,1501041T0AAABAB,1,3.4394
2019-06-01,03J,Oxycodone HCl_Inj 10mg/ml 1ml Amp,0407020ADAAALAL,14,156.30084
2019-06-01,03J,Oxycodone HCl_Inj 10mg/ml 2ml Amp,0407020ADAAAMAM,1,59.48946
2019-06-01,03J,Viridal Duo_S/Pack Inj 20mcg Cart,0704050B0BCAGBL,1,114.05346999999999
2019-06-01,03J,Xylocaine + Adren_Inj 1% 20ml Vl,1502010J0BBAXAY,42,75.33144
2019-07-01,03J,Bupivac HCl_Inj 0.5% 50mg/10ml Amp,1502010C0AAADAD,21,14.8359
2019-07-01,03J,"Colistimeth Sod_Inj 1,000,000u Vl",0501070I0AAABAB,2,200.81138
2019-07-01,03J,Dexameth Sod Phos Base_Inj 3.8mg/ml1mlVl,0603020H0AAALAL,1,18.60375
2019-07-01,03J,Lido HCl/Adren (Base)_Inj 1% 20ml Vl,1502010J0AAAYAY,21,37.67537
2019-07-01,03J,Midazolam HCl_Inj 2mg/ml 5ml Amp,1501041T0AAABAB,2,13.7638
2019-07-01,03J,Oxycodone HCl_Inj 10mg/ml 1ml Amp,0407020ADAAALAL,5,41.80662
2019-07-01,03J,Oxycodone HCl_Inj 10mg/ml 2ml Amp,0407020ADAAAMAM,1,59.50471999999999
2019-07-01,03J,Posaconazole_Oral Susp 200mg/5ml,0502010A0AAAAAA,1,1217.72497
2019-07-01,03J,Xylocaine + Adren_Inj 1% 20ml Vl,1502010J0BBAXAY,30,53.82196
2019-08-01,03J,Bupivac HCl_Inj 0.5% 50mg/10ml Amp,1502010C0AAADAD,15,10.58416
2019-08-01,03J,"Colistimeth Sod_Inj 1,000,000u Vl",0501070I0AAABAB,1,100.28335
2019-08-01,03J,Emtricitabine/Tenofovir_Tab 200mg/245mg,0503010AAAAAAAA,1,11.12364
2019-08-01,03J,Lido HCl/Adren (Base)_Inj 1% 20ml Vl,1502010J0AAAYAY,4,7.16752
2019-08-01,03J,Oxycodone HCl_Inj 10mg/ml 1ml Amp,0407020ADAAALAL,6,52.066759999999995
2019-08-01,03J,Oxycodone HCl_Inj 10mg/ml 2ml Amp,0407020ADAAAMAM,5,178.32146
2019-08-01,03J,Viridal Duo_S/Pack Inj 20mcg Cart,0704050B0BCAGBL,1,22.80859
2019-08-01,03J,Xylocaine + Adren_Inj 1% 20ml Vl,1502010J0BBAXAY,27,48.38074
2019-09-01,03J,Bupivac HCl_Inj 0.5% 50mg/10ml Amp,1502010C0AAADAD,14,9.8791
2019-09-01,03J,"Colistimeth Sod_Inj 1,000,000u Vl",0501070I0AAABAB,1,100.28894
2019-09-01,03J,Emtricitabine/Tenofovir_Tab 200mg/245mg,0503010AAAAAAAA,1,330.30291
2019-09-01,03J,Lido HCl/Adren (Base)_Inj 1% 20ml Vl,1502010J0AAAYAY,33,59.1353
2019-09-01,03J,Oxycodone HCl_Inj 10mg/ml 1ml Amp,0407020ADAAALAL,16,209.86496
2019-09-01,03J,Oxycodone HCl_Inj 10mg/ml 2ml Amp,0407020ADAAAMAM,9,297.22728
2019-09-01,03J,Xylocaine + Adren_Inj 1% 20ml Vl,1502010J0BBAXAY,37,66.30322
2019-10-01,03J,Bupivac HCl_Inj 0.5% 50mg/10ml Amp,1502010C0AAADAD,16,11.18524
2019-10-01,03J,"Colistimeth Sod_Inj 1,000,000u Vl",0501070I0AAABAB,1,99.35497
2019-10-01,03J,Fondaparinux Sod_Inj 12.5mg/ml 0.6ml Pfs,0208010ABAAACAC,2,428.77995999999996
2019-10-01,03J,Lido HCl/Adren (Base)_Inj 1% 20ml Vl,1502010J0AAAYAY,20,35.50577
2019-10-01,03J,Midazolam HCl_Inj 2mg/ml 5ml Amp,1501041T0AAABAB,1,13.46044
2019-10-01,03J,Oxycodone HCl_Inj 10mg/ml 1ml Amp,0407020ADAAALAL,11,139.95187
2019-10-01,03J,Oxycodone HCl_Inj 10mg/ml 2ml Amp,0407020ADAAAMAM,5,235.54067999999998
2019-10-01,03J,Xylocaine + Adren_Inj 1% 20ml Vl,1502010J0BBAXAY,33,58.58452000000001
